company_id,company_name,industry,region,ownership_type,supply_chain_role,relationship_stage,employees,revenue_twd_mn,export_ratio,digital_maturity,supply_chain_pressure,major_customer_pressure,transition_project,project_capex_twd_mn,expected_energy_saving_pct,expected_emission_reduction_tons,payback_years,ownership_years,customer_concentration,supplier_concentration,description
CMP_001,和食品物流001,食品加工,彰化,家族企業,出口導向供應商,前審中,936,1242.0858241999665,0.8040502943273337,0.7753944977262119,0.4065064087325897,品牌商,屋頂光電,105.84551593698241,0.31949419687760855,3762.9084868614013,5.842912711662482,24,0.32543278194225717,0.4638425679498176,和食品物流001 為 食品加工 企業，現階段主要關注「屋頂光電」專案，同時面臨 品牌商 帶來的減碳揭露與交期要求。
CMP_002,嘉精工股份002,金屬加工,高雄,家族企業,通路供應商,貸後追蹤中,1034,410.1754231904425,0.6179648072800932,0.8124335214520779,0.562715580877921,出口客戶,製程數位監控,25.73192261787105,0.10320105777891339,3987.0400125468404,5.421715641902212,21,0.7992062287578943,0.3220117220456542,嘉精工股份002 為 金屬加工 企業，現階段主要關注「製程數位監控」專案，同時面臨 出口客戶 帶來的減碳揭露與交期要求。
CMP_003,宏包材股份003,塑膠與包材,桃園,上市櫃企業,通路供應商,前審中,466,1316.3250632874551,0.2553665144491143,0.42925211825463766,0.6354229557355602,出口法規,循環材料導入,91.52982713860006,0.2930327443906563,4683.252124881707,3.4923832467629423,38,0.6167971225439842,0.2066465398377721,宏包材股份003 為 塑膠與包材 企業，現階段主要關注「循環材料導入」專案，同時面臨 出口法規 帶來的減碳揭露與交期要求。
CMP_004,華冷鏈材料004,冷鏈物流,台中,家族企業,OEM/ODM,前審中,972,479.8485340839287,0.7452779895517535,0.7555590225211395,0.773099227175801,量販通路,冷媒改善,178.75872563866557,0.1919069377200771,3313.1505290724,5.530993830046539,8,0.586219724800378,0.46321922840795743,華冷鏈材料004 為 冷鏈物流 企業，現階段主要關注「冷媒改善」專案，同時面臨 量販通路 帶來的減碳揭露與交期要求。
CMP_005,嘉食品實業005,食品加工,桃園,家族企業,出口導向供應商,前審中,686,915.5592373115215,0.12527062434571032,0.616397607431741,0.4787508036917175,零售通路,高效鍋爐,86.93047065283749,0.24533662412353063,3266.2239113921123,5.633050329174633,41,0.4400875913216451,0.6246926384929414,嘉食品實業005 為 食品加工 企業，現階段主要關注「高效鍋爐」專案，同時面臨 零售通路 帶來的減碳揭露與交期要求。
CMP_006,信電子能源006,電子零組件,台南,上市櫃企業,一階供應商,第三方導入,424,1118.1673075477493,0.17383924583602625,0.7906392038638346,0.6271263381508324,半導體客戶,PPA 綠電採購,108.3502003936382,0.14442338496140544,3685.216432640042,3.3537880969883083,20,0.23609594836230463,0.1931636593147195,信電子能源006 為 電子零組件 企業，現階段主要關注「PPA 綠電採購」專案，同時面臨 半導體客戶 帶來的減碳揭露與交期要求。
CMP_007,群精工精密007,金屬加工,台南,家族企業,一階供應商,前審中,1155,2927.570458308669,0.6737598497248146,0.512180676490307,0.9315058264086343,汽車供應鏈,高效馬達,236.1375871532412,0.1876173611534111,1237.5184466287174,3.0521657704135237,34,0.29313458108110824,0.6511008561372728,群精工精密007 為 金屬加工 企業，現階段主要關注「高效馬達」專案，同時面臨 汽車供應鏈 帶來的減碳揭露與交期要求。
CMP_008,華電子實業008,電子零組件,台南,家族企業,OEM/ODM,已送件待補件,609,4016.7456961925295,0.45431629261558504,0.7326583928284903,0.7004587813476413,國際品牌,製程節能,95.8159970215324,0.10046677288249313,671.4649753729954,4.573280689759645,22,0.2891794998636071,0.6935744733936142,華電子實業008 為 電子零組件 企業，現階段主要關注「製程節能」專案，同時面臨 國際品牌 帶來的減碳揭露與交期要求。
CMP_009,鼎包材實業009,塑膠與包材,新北,民營企業,通路供應商,前審中,711,1019.4249269743057,0.5845507030147618,0.36391036132811544,0.9251355279448672,零售通路,循環材料導入,244.76748146887078,0.22008385466530112,2788.359374045776,2.8416685806962256,40,0.5132303375817842,0.3921251053891289,鼎包材實業009 為 塑膠與包材 企業，現階段主要關注「循環材料導入」專案，同時面臨 零售通路 帶來的減碳揭露與交期要求。
CMP_010,富冷鏈物流010,冷鏈物流,新北,民營企業,二階供應商,第三方導入,458,185.6599318025452,0.8348518329086088,0.43555194428915256,0.6824216861234296,電商平台,冷凍機汰換,203.31863551982596,0.09016746486765104,5319.587754187117,2.6431555508323563,31,0.20394403595275504,0.46400853102271966,富冷鏈物流010 為 冷鏈物流 企業，現階段主要關注「冷凍機汰換」專案，同時面臨 電商平台 帶來的減碳揭露與交期要求。
CMP_011,盛電子股份011,電子零組件,桃園,外資背景,一階供應商,已送件待補件,467,4365.969741348825,0.7627662070927275,0.5434547246218564,0.9217396370418469,國際品牌,製程節能,26.003101751120603,0.18182717680085064,5756.388226399388,6.215057237776536,7,0.7501071941622559,0.6739369166126752,盛電子股份011 為 電子零組件 企業，現階段主要關注「製程節能」專案，同時面臨 國際品牌 帶來的減碳揭露與交期要求。
CMP_012,群紡織物流012,紡織成衣,台南,外資背景,二階供應商,第三方導入,582,1166.585219149711,0.7330501943310102,0.7536133705323342,0.574194637324226,供應鏈稽核,蒸汽系統更新,45.07569344081408,0.29271154819497375,956.7862910921059,2.368048864051791,13,0.5636049865733398,0.662228465319228,群紡織物流012 為 紡織成衣 企業，現階段主要關注「蒸汽系統更新」專案，同時面臨 供應鏈稽核 帶來的減碳揭露與交期要求。
CMP_013,永食品科技013,食品加工,桃園,家族企業,一階供應商,第三方導入,263,930.9832884182293,0.7374719673577657,0.9428141198971901,0.6504447117214054,出口客戶,高效鍋爐,44.848963633990124,0.20177238085377724,4051.1811318773107,4.538029689792873,19,0.6946396967566479,0.563552420361797,永食品科技013 為 食品加工 企業，現階段主要關注「高效鍋爐」專案，同時面臨 出口客戶 帶來的減碳揭露與交期要求。
CMP_014,永冷鏈材料014,冷鏈物流,台中,外資背景,通路供應商,銀行邀請入平台,997,1369.323606460644,0.2014781189932826,0.9158131561139696,0.5885469162949644,食品品牌,冷媒改善,241.57806518144665,0.06696065758815177,3255.732802109437,4.82346560307786,14,0.24777433840048207,0.20701055017962583,永冷鏈材料014 為 冷鏈物流 企業，現階段主要關注「冷媒改善」專案，同時面臨 食品品牌 帶來的減碳揭露與交期要求。
CMP_015,鼎紡織精密015,紡織成衣,彰化,家族企業,二階供應商,前審中,523,2034.4899095577725,0.5887548936521858,0.9191441651761288,0.8326165493677824,供應鏈稽核,蒸汽系統更新,210.22018663966463,0.12513940775060145,3116.002058226586,4.672485431780059,39,0.5659885806967844,0.3757943729496818,鼎紡織精密015 為 紡織成衣 企業，現階段主要關注「蒸汽系統更新」專案，同時面臨 供應鏈稽核 帶來的減碳揭露與交期要求。
CMP_016,宏包材科技016,塑膠與包材,高雄,上市櫃企業,通路供應商,第三方導入,1114,1085.525385045382,0.6345834409755788,0.8791692853689181,0.6223381292457798,出口法規,循環材料導入,31.30691995401865,0.22644142585180652,916.1109567822342,5.853186628464243,8,0.3786141913114076,0.20920059844210842,宏包材科技016 為 塑膠與包材 企業，現階段主要關注「循環材料導入」專案，同時面臨 出口法規 帶來的減碳揭露與交期要求。
CMP_017,台包材科技017,塑膠與包材,新北,家族企業,OEM/ODM,第三方導入,1107,580.5867690193732,0.3334704675171072,0.44370417106715576,0.41929403819921296,零售通路,空壓節能,181.77505906587908,0.17021652791296793,1898.9090745657227,4.124441679920043,31,0.7247242411662118,0.146954538447931,台包材科技017 為 塑膠與包材 企業，現階段主要關注「空壓節能」專案，同時面臨 零售通路 帶來的減碳揭露與交期要求。
CMP_018,台包材工業018,塑膠與包材,高雄,家族企業,OEM/ODM,第三方導入,1070,619.2261512235882,0.30449781218241373,0.6984519175630913,0.5997574554219154,品牌客戶,射出設備汰換,27.730657283950542,0.3189557233250574,646.9271698368879,5.955304738627865,35,0.7576980121136749,0.7273338219636875,台包材工業018 為 塑膠與包材 企業，現階段主要關注「射出設備汰換」專案，同時面臨 品牌客戶 帶來的減碳揭露與交期要求。
CMP_019,鼎冷鏈股份019,冷鏈物流,高雄,民營企業,通路供應商,已送件待補件,969,1436.1379422726927,0.6268362863163491,0.8251877762926587,0.43073132504788825,食品品牌,冷凍機汰換,171.69300145309197,0.1346097289002369,879.4753106566333,3.9805372797282272,10,0.3288447619384791,0.34785732227137933,鼎冷鏈股份019 為 冷鏈物流 企業，現階段主要關注「冷凍機汰換」專案，同時面臨 食品品牌 帶來的減碳揭露與交期要求。
CMP_020,富精工股份020,金屬加工,彰化,家族企業,OEM/ODM,貸後追蹤中,893,1311.8495004822173,0.4111605453760818,0.7683034407281266,0.5281258847427711,出口客戶,高效馬達,222.897319749538,0.24272445535682857,4681.121255857282,4.276700290754997,24,0.5850672827312773,0.29865648079312623,富精工股份020 為 金屬加工 企業，現階段主要關注「高效馬達」專案，同時面臨 出口客戶 帶來的減碳揭露與交期要求。
CMP_021,華冷鏈能源021,冷鏈物流,台中,家族企業,OEM/ODM,第三方導入,891,483.9675786574353,0.6697344656311686,0.8750386316787954,0.4292617023809263,電商平台,冷凍機汰換,48.66494285926153,0.3284864688545425,4661.057487206753,4.6058828241183125,20,0.688873496949175,0.7065367789467448,華冷鏈能源021 為 冷鏈物流 企業，現階段主要關注「冷凍機汰換」專案，同時面臨 電商平台 帶來的減碳揭露與交期要求。
CMP_022,台紡織能源022,紡織成衣,台南,民營企業,OEM/ODM,已送件待補件,875,651.5637064480231,0.177940342002809,0.725861077014714,0.45277478245567326,供應鏈稽核,屋頂光電,210.81495554545631,0.19780290036112017,3509.6744855093425,6.42867567272655,33,0.2566294966407186,0.1926042108580685,台紡織能源022 為 紡織成衣 企業，現階段主要關注「屋頂光電」專案，同時面臨 供應鏈稽核 帶來的減碳揭露與交期要求。
CMP_023,盛紡織精密023,紡織成衣,桃園,家族企業,通路供應商,貸後追蹤中,137,1436.254772978624,0.44325880664811124,0.8223360638465244,0.7527388479851556,出口客戶,屋頂光電,92.0377951500444,0.10413126161499991,925.3208909413362,6.455088302229019,25,0.42532468657754224,0.5724051393799743,盛紡織精密023 為 紡織成衣 企業，現階段主要關注「屋頂光電」專案，同時面臨 出口客戶 帶來的減碳揭露與交期要求。
CMP_024,台精工物流024,金屬加工,彰化,家族企業,出口導向供應商,貸後追蹤中,1140,1867.9193344536418,0.7398472250057017,0.6424154341159696,0.5758156840884957,汽車供應鏈,製程數位監控,171.08310157784587,0.09413806993383153,3444.835759823942,5.104920371569424,36,0.1878737189687058,0.40167713634188285,台精工物流024 為 金屬加工 企業，現階段主要關注「製程數位監控」專案，同時面臨 汽車供應鏈 帶來的減碳揭露與交期要求。
CMP_025,和紡織能源025,紡織成衣,彰化,外資背景,一階供應商,前審中,996,732.9965091675343,0.476009427074812,0.6198116175114148,0.5311564348654949,供應鏈稽核,屋頂光電,84.55756727668954,0.2943310423050627,688.71972230431,6.79516554456089,4,0.59608000995763,0.1760732507301623,和紡織能源025 為 紡織成衣 企業，現階段主要關注「屋頂光電」專案，同時面臨 供應鏈稽核 帶來的減碳揭露與交期要求。
CMP_026,台電子股份026,電子零組件,桃園,家族企業,通路供應商,第三方導入,1040,4695.463654593464,0.2974790075937406,0.4372433438516473,0.816060764415331,國際品牌,PPA 綠電採購,27.656189668527738,0.22965904974136378,4664.475958115855,2.688185231387898,4,0.7236216594707665,0.15548380289502145,台電子股份026 為 電子零組件 企業，現階段主要關注「PPA 綠電採購」專案，同時面臨 國際品牌 帶來的減碳揭露與交期要求。
CMP_027,台紡織實業027,紡織成衣,彰化,民營企業,OEM/ODM,第三方導入,968,1959.923134534224,0.7331288872655921,0.7758536782269687,0.8527881311932298,供應鏈稽核,蒸汽系統更新,169.3529019212177,0.29831670793334186,967.8183167630399,5.366953896449873,6,0.3532856008433921,0.5601409123144084,台紡織實業027 為 紡織成衣 企業，現階段主要關注「蒸汽系統更新」專案，同時面臨 供應鏈稽核 帶來的減碳揭露與交期要求。
CMP_028,鼎冷鏈物流028,冷鏈物流,桃園,家族企業,一階供應商,貸後追蹤中,908,1767.3378950828248,0.1446902582928624,0.7259484716557949,0.3754103309481002,電商平台,能源管理系統,255.10665899077716,0.18839697988837717,4564.943024512853,4.836605047381996,10,0.5463444159735278,0.2099807578923308,鼎冷鏈物流028 為 冷鏈物流 企業，現階段主要關注「能源管理系統」專案，同時面臨 電商平台 帶來的減碳揭露與交期要求。
CMP_029,和冷鏈材料029,冷鏈物流,台中,民營企業,出口導向供應商,第三方導入,1137,647.2153436492846,0.5739741169621846,0.7768633261993303,0.7395398931471853,食品品牌,車隊電動化,44.20829391844743,0.0975464907643743,1670.5921218687922,3.045404860308489,27,0.5710320301034421,0.513470052799323,和冷鏈材料029 為 冷鏈物流 企業，現階段主要關注「車隊電動化」專案，同時面臨 食品品牌 帶來的減碳揭露與交期要求。
CMP_030,盛精工材料030,金屬加工,台南,家族企業,OEM/ODM,第三方導入,213,1447.1964718249992,0.2784553918915088,0.7088668115294949,0.5402245467903427,汽車供應鏈,高效馬達,153.61411560582064,0.25656061071090397,3786.2653181909213,4.92313850521357,25,0.38237705716738757,0.6082079776312914,盛精工材料030 為 金屬加工 企業，現階段主要關注「高效馬達」專案，同時面臨 汽車供應鏈 帶來的減碳揭露與交期要求。
CMP_031,群精工科技031,金屬加工,彰化,民營企業,通路供應商,貸後追蹤中,674,1505.6262216360726,0.6133302343716669,0.5700009740146551,0.6576435467640549,出口客戶,製程數位監控,210.96825063713993,0.14804619368837635,4869.827112613792,4.068364891194086,5,0.22611785412668395,0.6420357908444672,群精工科技031 為 金屬加工 企業，現階段主要關注「製程數位監控」專案，同時面臨 出口客戶 帶來的減碳揭露與交期要求。
CMP_032,信食品實業032,食品加工,台中,上市櫃企業,出口導向供應商,前審中,125,314.47435891464454,0.37398663321126757,0.4555266115668722,0.5383360218811934,品牌商,高效鍋爐,52.635160269855525,0.22823531422462265,764.5270195471956,3.3705645498225634,18,0.7933946757766221,0.737187973001855,信食品實業032 為 食品加工 企業，現階段主要關注「高效鍋爐」專案，同時面臨 品牌商 帶來的減碳揭露與交期要求。
CMP_033,富精工物流033,金屬加工,台中,民營企業,OEM/ODM,第三方導入,934,1146.6652995638833,0.6638853403161958,0.7802978829452477,0.5827050170981898,汽車供應鏈,製程數位監控,55.64718262975074,0.29416520135406665,5737.840775350223,4.402234911353622,11,0.8138058651688143,0.2077894509126403,富精工物流033 為 金屬加工 企業，現階段主要關注「製程數位監控」專案，同時面臨 汽車供應鏈 帶來的減碳揭露與交期要求。
CMP_034,和包材科技034,塑膠與包材,桃園,外資背景,一階供應商,銀行邀請入平台,1017,1264.7543840755295,0.16564041258987172,0.8107514054047941,0.6102674163935558,出口法規,循環材料導入,72.04880981120803,0.14177661248806794,2883.929942537074,4.566803934279898,5,0.49570558454442654,0.17215150742526686,和包材科技034 為 塑膠與包材 企業，現階段主要關注「循環材料導入」專案，同時面臨 出口法規 帶來的減碳揭露與交期要求。
CMP_035,群冷鏈物流035,冷鏈物流,桃園,民營企業,出口導向供應商,第三方導入,318,1541.9208348581928,0.6228227343923365,0.7459809205819073,0.752121953210813,食品品牌,冷凍機汰換,221.8973239553607,0.1951203024044423,4476.549811707649,6.000883791158314,18,0.7621134360776638,0.484016843132928,群冷鏈物流035 為 冷鏈物流 企業，現階段主要關注「冷凍機汰換」專案，同時面臨 食品品牌 帶來的減碳揭露與交期要求。
CMP_036,和電子股份036,電子零組件,台中,家族企業,通路供應商,銀行邀請入平台,482,4466.3440642852365,0.5090299059958179,0.6741607350127924,0.41298782953764235,國際品牌,空調優化,61.94273736736146,0.06695047690360031,5385.073822643033,3.820319572587106,16,0.37682244634930306,0.49105585876579666,和電子股份036 為 電子零組件 企業，現階段主要關注「空調優化」專案，同時面臨 國際品牌 帶來的減碳揭露與交期要求。
CMP_037,華電子股份037,電子零組件,台南,外資背景,OEM/ODM,銀行邀請入平台,43,1662.3083223439878,0.676487441873092,0.7365995615722504,0.9390835685255212,ESG 採購規範,ISO 50001 導入,250.986749769598,0.27896144780668963,5038.10422685822,2.0161619843916405,23,0.46165676769751585,0.4629243574949906,華電子股份037 為 電子零組件 企業，現階段主要關注「ISO 50001 導入」專案，同時面臨 ESG 採購規範 帶來的減碳揭露與交期要求。
CMP_038,富紡織工業038,紡織成衣,彰化,家族企業,一階供應商,前審中,520,1428.958674395772,0.9073540267739322,0.5258192297476222,0.7902520984627497,出口客戶,廢熱回收,134.97643674514194,0.33595124745857935,2739.6481694276954,6.680751686998738,33,0.4434086414041983,0.612082933347183,富紡織工業038 為 紡織成衣 企業，現階段主要關注「廢熱回收」專案，同時面臨 出口客戶 帶來的減碳揭露與交期要求。
CMP_039,台電子股份039,電子零組件,新竹,家族企業,出口導向供應商,銀行邀請入平台,133,3021.762379675043,0.7576890253282939,0.9140680170041321,0.8435498543704589,ESG 採購規範,PPA 綠電採購,189.74825809636604,0.2766417911704554,5030.411454878392,5.392929929773153,18,0.2113367742868987,0.2654117932736051,台電子股份039 為 電子零組件 企業，現階段主要關注「PPA 綠電採購」專案，同時面臨 ESG 採購規範 帶來的減碳揭露與交期要求。
CMP_040,群紡織材料040,紡織成衣,高雄,上市櫃企業,出口導向供應商,第三方導入,307,1366.4816803479769,0.10369010245052049,0.6639238986909733,0.7563724396186382,國際服飾品牌,廢熱回收,223.9313767598186,0.157448798554664,4961.13151894402,3.01429571604209,13,0.5578049605652153,0.3661028420036571,群紡織材料040 為 紡織成衣 企業，現階段主要關注「廢熱回收」專案，同時面臨 國際服飾品牌 帶來的減碳揭露與交期要求。
CMP_041,富食品能源041,食品加工,彰化,家族企業,通路供應商,前審中,355,2325.4693004559235,0.2538268191903829,0.4017350706538155,0.5551561631273962,品牌商,高效鍋爐,48.52121311725844,0.2209641402944494,5786.157813143886,5.184757454651557,31,0.4311162194699481,0.687485231377044,富食品能源041 為 食品加工 企業，現階段主要關注「高效鍋爐」專案，同時面臨 品牌商 帶來的減碳揭露與交期要求。
CMP_042,盛電子材料042,電子零組件,台南,民營企業,通路供應商,第三方導入,435,2734.8913210387122,0.39961033982328953,0.3909716679971378,0.4711874226132689,半導體客戶,PPA 綠電採購,250.0062718469211,0.27054967404097635,3173.699963325121,2.9365207256038564,19,0.7540779512147169,0.2657602124660089,盛電子材料042 為 電子零組件 企業，現階段主要關注「PPA 綠電採購」專案，同時面臨 半導體客戶 帶來的減碳揭露與交期要求。
CMP_043,富電子精密043,電子零組件,新竹,家族企業,一階供應商,銀行邀請入平台,414,4754.417590672448,0.5342244853337593,0.8028139491449657,0.7044468764982597,國際品牌,製程節能,229.20701949624782,0.13930914131003194,3291.71933605028,5.67666189576342,26,0.4605672054938834,0.4152795313237699,富電子精密043 為 電子零組件 企業，現階段主要關注「製程節能」專案，同時面臨 國際品牌 帶來的減碳揭露與交期要求。
CMP_044,永紡織能源044,紡織成衣,台南,民營企業,一階供應商,第三方導入,721,2089.721392933948,0.7680035233566639,0.9005579212237315,0.8225539017376035,國際服飾品牌,屋頂光電,140.61935575352726,0.1812322980029748,285.02053811189336,6.582782420577789,40,0.2459217178433016,0.14546903784900508,永紡織能源044 為 紡織成衣 企業，現階段主要關注「屋頂光電」專案，同時面臨 國際服飾品牌 帶來的減碳揭露與交期要求。
CMP_045,台食品物流045,食品加工,台中,家族企業,出口導向供應商,第三方導入,321,338.58365008248546,0.4731966307776452,0.6648135587668385,0.5375419694171504,出口客戶,冷凍設備汰換,65.72003267357894,0.14458003925941879,2334.3994454587178,3.6496920185733988,9,0.2517250374391664,0.6549140295193444,台食品物流045 為 食品加工 企業，現階段主要關注「冷凍設備汰換」專案，同時面臨 出口客戶 帶來的減碳揭露與交期要求。
CMP_046,鼎食品精密046,食品加工,高雄,家族企業,二階供應商,前審中,164,182.9840112788177,0.5013916453359106,0.5531874382164891,0.6087962120878698,品牌商,屋頂光電,132.56653313501096,0.2513123401444676,1385.6064476507656,3.1859730070962797,13,0.7754461552570562,0.150112959705114,鼎食品精密046 為 食品加工 企業，現階段主要關注「屋頂光電」專案，同時面臨 品牌商 帶來的減碳揭露與交期要求。
CMP_047,和精工股份047,金屬加工,台中,家族企業,一階供應商,第三方導入,571,2340.4429639583977,0.22337228947712875,0.3788981522033439,0.4329232229831184,汽車供應鏈,空壓機改善,166.93657522393258,0.127658894446944,3335.8929284634714,4.587055066937081,30,0.1830344914635993,0.6490890647922674,和精工股份047 為 金屬加工 企業，現階段主要關注「空壓機改善」專案，同時面臨 汽車供應鏈 帶來的減碳揭露與交期要求。
CMP_048,華包材材料048,塑膠與包材,高雄,外資背景,通路供應商,貸後追蹤中,568,1678.268189153277,0.7338086582709329,0.8718498404922572,0.5025580902524943,品牌客戶,射出設備汰換,214.22403972592764,0.1491517529919687,4651.501347221329,4.64396316185827,17,0.3184676449442569,0.37669617814932654,華包材材料048 為 塑膠與包材 企業，現階段主要關注「射出設備汰換」專案，同時面臨 品牌客戶 帶來的減碳揭露與交期要求。
CMP_049,永電子精密049,電子零組件,台中,上市櫃企業,出口導向供應商,前審中,405,682.731126093783,0.12446451148175194,0.5613519797983804,0.3614204886904919,國際品牌,製程節能,233.0547669938354,0.22627255344796535,800.8706747907037,2.1760807718598842,29,0.2906841193229299,0.43452147498086685,永電子精密049 為 電子零組件 企業，現階段主要關注「製程節能」專案，同時面臨 國際品牌 帶來的減碳揭露與交期要求。
CMP_050,華紡織股份050,紡織成衣,彰化,民營企業,出口導向供應商,第三方導入,343,2084.0424833016987,0.11359543755599669,0.955781594977609,0.7007833004804993,國際服飾品牌,染整節水,81.93086191771471,0.07414551498416144,3480.926722855744,2.99167804329492,27,0.6047174698626252,0.6384720096424128,華紡織股份050 為 紡織成衣 企業，現階段主要關注「染整節水」專案，同時面臨 國際服飾品牌 帶來的減碳揭露與交期要求。
CMP_051,華冷鏈能源051,冷鏈物流,桃園,上市櫃企業,OEM/ODM,已送件待補件,56,1132.9277282314501,0.28965004254321886,0.8830719837213188,0.5021987039370971,電商平台,能源管理系統,153.89975985324978,0.27235822641173113,5705.145674679603,3.6640708946643477,39,0.18798072188237647,0.6135377049124346,華冷鏈能源051 為 冷鏈物流 企業，現階段主要關注「能源管理系統」專案，同時面臨 電商平台 帶來的減碳揭露與交期要求。
CMP_052,鼎電子科技052,電子零組件,桃園,家族企業,出口導向供應商,前審中,533,2849.1273285253696,0.17713900973330457,0.8926904172219923,0.5870043440243338,ESG 採購規範,空調優化,225.45080083663987,0.31552316835974076,1293.4831710332842,3.9369247961440705,11,0.649436738920211,0.664586754962697,鼎電子科技052 為 電子零組件 企業，現階段主要關注「空調優化」專案，同時面臨 ESG 採購規範 帶來的減碳揭露與交期要求。
CMP_053,華電子精密053,電子零組件,台南,上市櫃企業,出口導向供應商,第三方導入,476,2833.3954855622032,0.7082074566261827,0.7959929457582051,0.8197760780156509,ESG 採購規範,ISO 50001 導入,39.466306904378726,0.11723126278280017,4333.394088415769,1.5249565107425107,11,0.4213725954276356,0.5659737708883106,華電子精密053 為 電子零組件 企業，現階段主要關注「ISO 50001 導入」專案，同時面臨 ESG 採購規範 帶來的減碳揭露與交期要求。
CMP_054,台包材能源054,塑膠與包材,台中,民營企業,出口導向供應商,銀行邀請入平台,767,2327.922034141065,0.3616886406517261,0.7213320886279304,0.6985936242488304,品牌客戶,循環材料導入,107.41546580633596,0.1703499551260732,829.9417241099776,2.2795061029945964,11,0.6181197269719534,0.3304762076095197,台包材能源054 為 塑膠與包材 企業，現階段主要關注「循環材料導入」專案，同時面臨 品牌客戶 帶來的減碳揭露與交期要求。
CMP_055,盛食品股份055,食品加工,桃園,民營企業,一階供應商,第三方導入,1147,769.5041237678299,0.18111809418595431,0.8096377834301574,0.878621631150722,品牌商,高效鍋爐,78.56276076436089,0.0726484727570394,2834.130466666326,6.580394677232286,13,0.49712419624231574,0.18862908589836197,盛食品股份055 為 食品加工 企業，現階段主要關注「高效鍋爐」專案，同時面臨 品牌商 帶來的減碳揭露與交期要求。
CMP_056,華電子股份056,電子零組件,桃園,家族企業,出口導向供應商,貸後追蹤中,192,1536.9378236929776,0.7271389131379322,0.8847935863314177,0.890985112139863,半導體客戶,空調優化,89.59429898662806,0.21481151113804922,634.7135233953416,5.96730357213157,9,0.5747239546094778,0.45626592942736705,華電子股份056 為 電子零組件 企業，現階段主要關注「空調優化」專案，同時面臨 半導體客戶 帶來的減碳揭露與交期要求。
CMP_057,群電子精密057,電子零組件,桃園,民營企業,一階供應商,銀行邀請入平台,227,1540.951824560967,0.2314558604854516,0.8696792262548271,0.7005367160367308,ESG 採購規範,製程節能,204.22648198026917,0.11790778770392887,5465.602260541927,2.0515388221959063,12,0.24425321321587795,0.2840146829138129,群電子精密057 為 電子零組件 企業，現階段主要關注「製程節能」專案，同時面臨 ESG 採購規範 帶來的減碳揭露與交期要求。
CMP_058,永包材精密058,塑膠與包材,台中,家族企業,出口導向供應商,前審中,754,2228.478057284456,0.43912570367417525,0.624414172965917,0.49715538381392577,零售通路,射出設備汰換,75.85956894708463,0.12854302043404073,1002.373239513006,6.476102658360579,24,0.7483128503075711,0.6019624022631691,永包材精密058 為 塑膠與包材 企業，現階段主要關注「射出設備汰換」專案，同時面臨 零售通路 帶來的減碳揭露與交期要求。
CMP_059,永冷鏈科技059,冷鏈物流,高雄,民營企業,出口導向供應商,第三方導入,638,959.5030605945886,0.5343914462696484,0.6773064882820244,0.6107378508186141,電商平台,車隊電動化,55.07633503897694,0.21523663457118142,1268.1426891708045,2.7671968730836483,37,0.2561301188737352,0.6884460127301013,永冷鏈科技059 為 冷鏈物流 企業，現階段主要關注「車隊電動化」專案，同時面臨 電商平台 帶來的減碳揭露與交期要求。
CMP_060,信食品股份060,食品加工,桃園,上市櫃企業,出口導向供應商,第三方導入,1101,958.1098393872428,0.4813115882312039,0.5942752595996197,0.6691316548076409,品牌商,屋頂光電,52.45489492095231,0.31778644031659903,2032.734025423482,1.6705761243634423,21,0.3991383531588023,0.6125633589074483,信食品股份060 為 食品加工 企業，現階段主要關注「屋頂光電」專案，同時面臨 品牌商 帶來的減碳揭露與交期要求。
CMP_061,嘉電子精密061,電子零組件,新竹,外資背景,二階供應商,已送件待補件,760,3979.1090652498124,0.7507810147671495,0.479292312759131,0.9042699896559081,國際品牌,製程節能,30.205461102338035,0.1883133716302239,818.0519270812788,2.2225642348509087,33,0.43147353060494925,0.6915485190960969,嘉電子精密061 為 電子零組件 企業，現階段主要關注「製程節能」專案，同時面臨 國際品牌 帶來的減碳揭露與交期要求。
CMP_062,華電子股份062,電子零組件,台中,家族企業,二階供應商,銀行邀請入平台,517,1863.8668235795433,0.47810153272702427,0.7525702936888601,0.7098172140295942,國際品牌,製程節能,222.27185252043765,0.07127104718317866,2651.898977777733,6.219433524311562,29,0.6597559161106351,0.7349207842285295,華電子股份062 為 電子零組件 企業，現階段主要關注「製程節能」專案，同時面臨 國際品牌 帶來的減碳揭露與交期要求。
CMP_063,群精工股份063,金屬加工,高雄,上市櫃企業,OEM/ODM,銀行邀請入平台,654,2186.7872420274307,0.3480338305331011,0.9279967157962553,0.5698012931339218,出口客戶,熱處理優化,237.23615009282958,0.17740427661978686,3781.25068537982,3.2487571398202926,30,0.4616320692694735,0.19800035135361685,群精工股份063 為 金屬加工 企業，現階段主要關注「熱處理優化」專案，同時面臨 出口客戶 帶來的減碳揭露與交期要求。
CMP_064,群精工科技064,金屬加工,台中,上市櫃企業,通路供應商,銀行邀請入平台,413,493.33656359583995,0.6375245454413029,0.754374925668158,0.36185986720561497,品牌製造商,熱處理優化,178.62304391775666,0.09622158496831684,1653.8724464418003,2.1487342796604656,13,0.3614532906235066,0.5383366593565523,群精工科技064 為 金屬加工 企業，現階段主要關注「熱處理優化」專案，同時面臨 品牌製造商 帶來的減碳揭露與交期要求。
CMP_065,華包材工業065,塑膠與包材,台中,家族企業,通路供應商,第三方導入,1095,670.10422717653,0.5445048086595897,0.7778485717584936,0.9217534810913394,出口法規,空壓節能,112.92065311509103,0.251919761813084,212.86177102345852,3.560331809127679,30,0.5705455644372772,0.39524458956550534,華包材工業065 為 塑膠與包材 企業，現階段主要關注「空壓節能」專案，同時面臨 出口法規 帶來的減碳揭露與交期要求。
CMP_066,群包材工業066,塑膠與包材,高雄,外資背景,二階供應商,已送件待補件,1022,2444.968748634457,0.3642168525348094,0.6821745252452172,0.6438945536554777,出口法規,能源監測,221.61410701168487,0.3338972406140772,4341.3515274598185,5.529203034234799,39,0.66805765885609,0.41797673118423,群包材工業066 為 塑膠與包材 企業，現階段主要關注「能源監測」專案，同時面臨 出口法規 帶來的減碳揭露與交期要求。
CMP_067,華電子工業067,電子零組件,新竹,上市櫃企業,二階供應商,銀行邀請入平台,566,1477.1087531301155,0.6287517393746183,0.526485283022424,0.5046850458214126,ESG 採購規範,空調優化,56.086382321056334,0.06210196918399996,2002.6634199880177,5.7065585126760645,9,0.2685306048742715,0.6000882587334917,華電子工業067 為 電子零組件 企業，現階段主要關注「空調優化」專案，同時面臨 ESG 採購規範 帶來的減碳揭露與交期要求。
CMP_068,嘉包材能源068,塑膠與包材,高雄,外資背景,出口導向供應商,銀行邀請入平台,169,460.00408488881925,0.918859802309771,0.46748040217085496,0.44237814954657584,零售通路,循環材料導入,48.809391750236806,0.2814066326908783,1628.0159109893218,6.178184921334347,6,0.6046100846266155,0.18934377747601983,嘉包材能源068 為 塑膠與包材 企業，現階段主要關注「循環材料導入」專案，同時面臨 零售通路 帶來的減碳揭露與交期要求。
CMP_069,富紡織實業069,紡織成衣,桃園,外資背景,一階供應商,已送件待補件,1004,502.13137721566716,0.44726622363731616,0.6868328064211913,0.6504596894481669,出口客戶,蒸汽系統更新,38.32377630541168,0.26379612371124117,5666.51852739889,3.11896249319671,15,0.45185723188189175,0.1518798758252962,富紡織實業069 為 紡織成衣 企業，現階段主要關注「蒸汽系統更新」專案，同時面臨 出口客戶 帶來的減碳揭露與交期要求。
CMP_070,嘉精工工業070,金屬加工,台中,上市櫃企業,通路供應商,銀行邀請入平台,923,2223.3480050458656,0.7457203771978319,0.8575932459220115,0.8427384719587072,汽車供應鏈,高效馬達,233.79259978639425,0.10029443490199633,5108.273419649252,1.9189142580481588,22,0.2782563341149529,0.4509808082298554,嘉精工工業070 為 金屬加工 企業，現階段主要關注「高效馬達」專案，同時面臨 汽車供應鏈 帶來的減碳揭露與交期要求。
CMP_071,台冷鏈物流071,冷鏈物流,高雄,家族企業,一階供應商,已送件待補件,113,237.13171731018207,0.10042537021587854,0.6161531624135005,0.8147743287753378,量販通路,冷媒改善,225.89623853703134,0.2904748907860265,3162.746903031149,5.823679348187493,5,0.4324681714808028,0.5774344847859512,台冷鏈物流071 為 冷鏈物流 企業，現階段主要關注「冷媒改善」專案，同時面臨 量販通路 帶來的減碳揭露與交期要求。
CMP_072,嘉食品科技072,食品加工,高雄,上市櫃企業,二階供應商,銀行邀請入平台,416,803.0337415639914,0.5134264556004674,0.8076622526484221,0.6288077827143976,出口客戶,熱回收,36.06567577718155,0.10936158220619645,1082.9820455164331,5.8447811631572595,8,0.43504423902349587,0.7340408435634991,嘉食品科技072 為 食品加工 企業，現階段主要關注「熱回收」專案，同時面臨 出口客戶 帶來的減碳揭露與交期要求。
CMP_073,和包材材料073,塑膠與包材,新北,家族企業,OEM/ODM,前審中,194,1761.5663781786168,0.4679581959050255,0.5896800877852151,0.8750505194324494,零售通路,能源監測,85.82547750135697,0.2657230366185624,3319.9261226311673,4.374907349848176,18,0.6347409739153137,0.13647821429832085,和包材材料073 為 塑膠與包材 企業，現階段主要關注「能源監測」專案，同時面臨 零售通路 帶來的減碳揭露與交期要求。
CMP_074,永紡織精密074,紡織成衣,台南,民營企業,OEM/ODM,前審中,1119,255.95072606327045,0.49867750201026595,0.5087126397592248,0.601193652388881,供應鏈稽核,屋頂光電,142.8700253384671,0.1481298931980267,3306.624183910115,5.053922865552043,14,0.2222906949884127,0.12066182831410328,永紡織精密074 為 紡織成衣 企業，現階段主要關注「屋頂光電」專案，同時面臨 供應鏈稽核 帶來的減碳揭露與交期要求。
CMP_075,鼎食品精密075,食品加工,彰化,家族企業,二階供應商,銀行邀請入平台,282,2344.71782447945,0.6299584258474186,0.4548958146815839,0.8841583770941712,零售通路,冷凍設備汰換,158.513974662907,0.11473622268296114,3966.894492675239,2.556098362418289,37,0.3124705021701374,0.38209510124867857,鼎食品精密075 為 食品加工 企業，現階段主要關注「冷凍設備汰換」專案，同時面臨 零售通路 帶來的減碳揭露與交期要求。
CMP_076,鼎食品工業076,食品加工,台中,民營企業,二階供應商,第三方導入,125,606.2546839988534,0.8054311466995315,0.5454422941943577,0.5664552119109522,品牌商,冷凍設備汰換,232.64953600039593,0.3203066538574755,651.0336470512399,1.9799759639583168,11,0.2538089203910323,0.5041329389123934,鼎食品工業076 為 食品加工 企業，現階段主要關注「冷凍設備汰換」專案，同時面臨 品牌商 帶來的減碳揭露與交期要求。
CMP_077,和精工科技077,金屬加工,台南,家族企業,OEM/ODM,第三方導入,177,2760.0993074321937,0.7185026422490719,0.8500834035251946,0.6656363161316126,品牌製造商,空壓機改善,156.33093483191027,0.2857334703245231,1054.3516277267279,6.68462437706237,16,0.49595012881321326,0.7219485316983575,和精工科技077 為 金屬加工 企業，現階段主要關注「空壓機改善」專案，同時面臨 品牌製造商 帶來的減碳揭露與交期要求。
CMP_078,和精工實業078,金屬加工,彰化,民營企業,出口導向供應商,第三方導入,973,1354.5824364270923,0.579497216300048,0.42811209243415,0.5426513758471129,出口客戶,高效馬達,115.12399745484464,0.1808253210324593,3701.613321867738,6.4045547140405645,17,0.7769789565804688,0.3627250273090113,和精工實業078 為 金屬加工 企業，現階段主要關注「高效馬達」專案，同時面臨 出口客戶 帶來的減碳揭露與交期要求。
CMP_079,華紡織股份079,紡織成衣,台南,民營企業,OEM/ODM,銀行邀請入平台,418,1035.030210359395,0.565706068951364,0.6317089259843465,0.7452520458900205,國際服飾品牌,蒸汽系統更新,55.685344941423416,0.26247186460070815,2305.633189906298,2.558510451824776,33,0.6635453071829933,0.2796018646541303,華紡織股份079 為 紡織成衣 企業，現階段主要關注「蒸汽系統更新」專案，同時面臨 國際服飾品牌 帶來的減碳揭露與交期要求。
CMP_080,信電子材料080,電子零組件,新竹,民營企業,出口導向供應商,貸後追蹤中,1165,4351.270421426349,0.5898635138405495,0.7580580719848635,0.3815455941938332,ESG 採購規範,ISO 50001 導入,24.44278983424175,0.25051726558757814,3298.4610391186575,1.5432751609128013,4,0.6558143751823265,0.6483301089828927,信電子材料080 為 電子零組件 企業，現階段主要關注「ISO 50001 導入」專案，同時面臨 ESG 採購規範 帶來的減碳揭露與交期要求。
CMP_081,信冷鏈精密081,冷鏈物流,台中,家族企業,通路供應商,銀行邀請入平台,613,918.4997765894707,0.10448794924439454,0.8298563246210955,0.5484296400476633,量販通路,冷凍機汰換,204.85243632842534,0.19904533407695885,3148.710923862874,6.613246148801371,6,0.7276109578895382,0.23631776151432082,信冷鏈精密081 為 冷鏈物流 企業，現階段主要關注「冷凍機汰換」專案，同時面臨 量販通路 帶來的減碳揭露與交期要求。
CMP_082,宏包材能源082,塑膠與包材,台中,民營企業,出口導向供應商,已送件待補件,1155,1618.1399202098235,0.4070604278881289,0.4116747612207068,0.836577741343953,出口法規,能源監測,105.64617012256346,0.17693340194313278,757.2427557819854,5.691653015454888,20,0.7161387892397062,0.2963262234355135,宏包材能源082 為 塑膠與包材 企業，現階段主要關注「能源監測」專案，同時面臨 出口法規 帶來的減碳揭露與交期要求。
CMP_083,富紡織物流083,紡織成衣,高雄,民營企業,通路供應商,第三方導入,388,1856.2084572895376,0.11965569153292348,0.6674790406980089,0.6282054288089005,出口客戶,蒸汽系統更新,24.823277418830102,0.18928361521166265,3067.2751135791686,2.557362575416928,20,0.3006235539278729,0.3333674683992758,富紡織物流083 為 紡織成衣 企業，現階段主要關注「蒸汽系統更新」專案，同時面臨 出口客戶 帶來的減碳揭露與交期要求。
CMP_084,華食品物流084,食品加工,彰化,民營企業,出口導向供應商,第三方導入,631,414.2805613180309,0.4320951304265702,0.8434714575291169,0.934650273865308,品牌商,熱回收,120.61370762129488,0.0700516880820605,3137.9162973746547,6.765132182648976,20,0.7935728166220377,0.14504752188214118,華食品物流084 為 食品加工 企業，現階段主要關注「熱回收」專案，同時面臨 品牌商 帶來的減碳揭露與交期要求。
CMP_085,信冷鏈工業085,冷鏈物流,新北,上市櫃企業,出口導向供應商,第三方導入,857,647.9120300499358,0.8404511057930322,0.37751999488265986,0.9115244612066483,量販通路,冷凍機汰換,146.05004747908828,0.3164085602060387,3325.8032095021294,3.54505982795325,34,0.22039498925047743,0.7206264392441912,信冷鏈工業085 為 冷鏈物流 企業，現階段主要關注「冷凍機汰換」專案，同時面臨 量販通路 帶來的減碳揭露與交期要求。
CMP_086,永精工物流086,金屬加工,高雄,外資背景,出口導向供應商,前審中,956,1145.7494715416267,0.33455878750912416,0.9382676488838021,0.40657163209280417,出口客戶,空壓機改善,246.12867606307395,0.09554187190145753,4631.910592755069,4.3466487480376585,36,0.5278371808511108,0.6773313773187184,永精工物流086 為 金屬加工 企業，現階段主要關注「空壓機改善」專案，同時面臨 出口客戶 帶來的減碳揭露與交期要求。
CMP_087,盛冷鏈實業087,冷鏈物流,新北,家族企業,OEM/ODM,銀行邀請入平台,1167,1312.9832330212485,0.4960094793668628,0.6284063533201256,0.581804874333909,電商平台,車隊電動化,124.2878587654554,0.32059165679249374,3581.904169157408,1.5899503037958667,15,0.31172466752832484,0.7249563351215895,盛冷鏈實業087 為 冷鏈物流 企業，現階段主要關注「車隊電動化」專案，同時面臨 電商平台 帶來的減碳揭露與交期要求。
CMP_088,盛食品科技088,食品加工,彰化,家族企業,一階供應商,第三方導入,481,709.2642272869564,0.8676650839449609,0.946087565247758,0.4918162612301267,零售通路,屋頂光電,238.54995509243224,0.2104212874344152,3660.6602643187416,2.490083158691522,25,0.692373517231264,0.5030291232734616,盛食品科技088 為 食品加工 企業，現階段主要關注「屋頂光電」專案，同時面臨 零售通路 帶來的減碳揭露與交期要求。
CMP_089,嘉電子精密089,電子零組件,桃園,上市櫃企業,一階供應商,貸後追蹤中,1041,4949.331224328343,0.3852786361204057,0.405253225706618,0.48555737475006944,半導體客戶,空調優化,59.788148755589255,0.14980555330696646,3816.257582330523,5.033408331298425,10,0.32633318570375336,0.5675822032978592,嘉電子精密089 為 電子零組件 企業，現階段主要關注「空調優化」專案，同時面臨 半導體客戶 帶來的減碳揭露與交期要求。
CMP_090,台精工能源090,金屬加工,彰化,外資背景,OEM/ODM,已送件待補件,868,723.24166400589,0.2540809348099109,0.41546054132783744,0.6485886214192272,汽車供應鏈,製程數位監控,132.0969122812586,0.17809449756007717,462.24331689236783,4.601965808207927,22,0.3258993742228367,0.515317567742011,台精工能源090 為 金屬加工 企業，現階段主要關注「製程數位監控」專案，同時面臨 汽車供應鏈 帶來的減碳揭露與交期要求。
CMP_091,台電子物流091,電子零組件,台中,上市櫃企業,出口導向供應商,前審中,94,5108.796796139708,0.48458416479039124,0.897020776670326,0.6353367039397608,半導體客戶,製程節能,171.294502340428,0.29974412106305015,3689.6943332271962,3.277437628113878,20,0.609986680713003,0.7155639167541075,台電子物流091 為 電子零組件 企業，現階段主要關注「製程節能」專案，同時面臨 半導體客戶 帶來的減碳揭露與交期要求。
CMP_092,鼎電子科技092,電子零組件,台中,家族企業,通路供應商,銀行邀請入平台,732,2117.470375554179,0.7659408281733886,0.658515011993072,0.7919438558694398,半導體客戶,空調優化,168.57212078213112,0.2692355440537796,5197.614712883902,2.871967086045815,11,0.25086352550435476,0.7127489289040301,鼎電子科技092 為 電子零組件 企業，現階段主要關注「空調優化」專案，同時面臨 半導體客戶 帶來的減碳揭露與交期要求。
CMP_093,群紡織精密093,紡織成衣,彰化,民營企業,通路供應商,前審中,214,543.4739455740007,0.3388901519179419,0.6729287259560353,0.8796953396204468,出口客戶,屋頂光電,51.119358603968536,0.1365603165954683,1843.665926610269,2.087291470976812,30,0.6312180457754835,0.16335761151565395,群紡織精密093 為 紡織成衣 企業，現階段主要關注「屋頂光電」專案，同時面臨 出口客戶 帶來的減碳揭露與交期要求。
CMP_094,盛電子科技094,電子零組件,桃園,家族企業,二階供應商,前審中,314,2657.503198639434,0.7133519057410065,0.84719458869344,0.6189443799023642,國際品牌,ISO 50001 導入,111.0547054917836,0.12745959259600742,4380.18565680007,3.094772569402892,21,0.35459477129333483,0.20115200512730694,盛電子科技094 為 電子零組件 企業，現階段主要關注「ISO 50001 導入」專案，同時面臨 國際品牌 帶來的減碳揭露與交期要求。
CMP_095,和食品物流095,食品加工,高雄,上市櫃企業,通路供應商,已送件待補件,546,913.1744017862709,0.40280372989959423,0.4939583301985371,0.8078932938919402,出口客戶,冷凍設備汰換,165.31153875880887,0.3091382506311633,5277.239170298272,5.673838034161161,17,0.23193856027129556,0.129799444372883,和食品物流095 為 食品加工 企業，現階段主要關注「冷凍設備汰換」專案，同時面臨 出口客戶 帶來的減碳揭露與交期要求。
CMP_096,和精工實業096,金屬加工,高雄,上市櫃企業,二階供應商,前審中,581,1642.0578871831153,0.4340371580476373,0.6965820842877324,0.6812976219826562,汽車供應鏈,高效馬達,258.73193233711265,0.3044153645883836,5170.222320453734,3.0974788902014865,36,0.4370634457660008,0.2862127649887416,和精工實業096 為 金屬加工 企業，現階段主要關注「高效馬達」專案，同時面臨 汽車供應鏈 帶來的減碳揭露與交期要求。
CMP_097,永紡織物流097,紡織成衣,彰化,外資背景,通路供應商,第三方導入,741,1981.2823871616545,0.38260552693952654,0.6897710869476846,0.527779778272091,出口客戶,染整節水,219.3596185405165,0.2507722523531135,1177.7890432714084,2.347496131527074,12,0.3494154947965039,0.686236813895225,永紡織物流097 為 紡織成衣 企業，現階段主要關注「染整節水」專案，同時面臨 出口客戶 帶來的減碳揭露與交期要求。
CMP_098,華紡織工業098,紡織成衣,彰化,民營企業,OEM/ODM,貸後追蹤中,383,431.7074850976118,0.7678685783453658,0.4935063969335434,0.5157244180739395,供應鏈稽核,屋頂光電,205.06881617708717,0.27611781610416347,2243.979041360054,5.909679271835962,13,0.3163679580153615,0.12266958091396075,華紡織工業098 為 紡織成衣 企業，現階段主要關注「屋頂光電」專案，同時面臨 供應鏈稽核 帶來的減碳揭露與交期要求。
CMP_099,群電子科技099,電子零組件,桃園,上市櫃企業,一階供應商,第三方導入,700,5170.981085016655,0.1316883340580454,0.47687882496216094,0.6613487854922504,半導體客戶,製程節能,61.26492301653155,0.11473883167104446,2425.479061153767,3.9888522039518124,32,0.5910415478835158,0.548049211799611,群電子科技099 為 電子零組件 企業，現階段主要關注「製程節能」專案，同時面臨 半導體客戶 帶來的減碳揭露與交期要求。
CMP_100,台包材精密100,塑膠與包材,高雄,民營企業,一階供應商,前審中,227,2558.828955116895,0.4307506106642852,0.9132416503127454,0.4975253522030352,品牌客戶,循環材料導入,60.41694183660899,0.18987187092960534,1735.5379269461316,5.698726417179703,11,0.7608671304899086,0.6176867752787867,台包材精密100 為 塑膠與包材 企業，現階段主要關注「循環材料導入」專案，同時面臨 品牌客戶 帶來的減碳揭露與交期要求。
CMP_101,嘉電子材料101,電子零組件,台南,民營企業,二階供應商,第三方導入,344,1643.258529074181,0.3088772470963233,0.432373238594304,0.9162790208622267,國際品牌,製程節能,54.67568471115964,0.23899009529972762,4558.218168262261,2.53904569783905,18,0.7246381568333851,0.6459960675178702,嘉電子材料101 為 電子零組件 企業，現階段主要關注「製程節能」專案，同時面臨 國際品牌 帶來的減碳揭露與交期要求。
CMP_102,華包材科技102,塑膠與包材,新北,外資背景,通路供應商,前審中,644,730.9399752540982,0.8112873023757187,0.5365381395305261,0.7213498287041156,品牌客戶,射出設備汰換,123.09957337773673,0.30546987885047683,3097.057644015037,5.421763010210473,31,0.7051238040695065,0.5845987742533837,華包材科技102 為 塑膠與包材 企業，現階段主要關注「射出設備汰換」專案，同時面臨 品牌客戶 帶來的減碳揭露與交期要求。
CMP_103,華電子精密103,電子零組件,台南,外資背景,通路供應商,銀行邀請入平台,370,877.4351144385723,0.2954375940768893,0.6567537115580154,0.6531661533758575,國際品牌,製程節能,195.44818833696257,0.24983211871261252,3072.0776558776815,2.418063262920465,16,0.7948008228024528,0.5675385259848403,華電子精密103 為 電子零組件 企業，現階段主要關注「製程節能」專案，同時面臨 國際品牌 帶來的減碳揭露與交期要求。
CMP_104,宏紡織實業104,紡織成衣,高雄,上市櫃企業,OEM/ODM,貸後追蹤中,217,1940.648393453924,0.38868155287617534,0.7393163672850656,0.6343596425828468,國際服飾品牌,廢熱回收,208.00924840652382,0.16717928557847161,5685.4772481717055,6.171061116688021,14,0.3728450289040738,0.5975197303934702,宏紡織實業104 為 紡織成衣 企業，現階段主要關注「廢熱回收」專案，同時面臨 國際服飾品牌 帶來的減碳揭露與交期要求。
CMP_105,宏冷鏈工業105,冷鏈物流,台中,民營企業,OEM/ODM,前審中,427,1150.4986863556328,0.6399542300824994,0.85605319954228,0.3646705045292089,量販通路,車隊電動化,100.32759144805678,0.30222806493498156,256.7070278461041,3.5407556709699852,19,0.21256367010880933,0.5848175656476748,宏冷鏈工業105 為 冷鏈物流 企業，現階段主要關注「車隊電動化」專案，同時面臨 量販通路 帶來的減碳揭露與交期要求。
CMP_106,嘉包材精密106,塑膠與包材,高雄,家族企業,二階供應商,已送件待補件,646,803.4225311605283,0.7117757427466793,0.8902801542236013,0.47955487425875953,零售通路,能源監測,249.8362470239858,0.25880472641529456,3715.405224938257,5.417571502552951,5,0.5202322679650812,0.4152029690760544,嘉包材精密106 為 塑膠與包材 企業，現階段主要關注「能源監測」專案，同時面臨 零售通路 帶來的減碳揭露與交期要求。
CMP_107,盛食品科技107,食品加工,桃園,外資背景,一階供應商,已送件待補件,558,1729.862893290812,0.2652586798217542,0.8917158039590705,0.8370514227315591,出口客戶,冷凍設備汰換,240.8648890923041,0.15300565335696648,1047.450526229935,2.5435696827180756,9,0.256870803264886,0.16420881119460415,盛食品科技107 為 食品加工 企業，現階段主要關注「冷凍設備汰換」專案，同時面臨 出口客戶 帶來的減碳揭露與交期要求。
CMP_108,台食品物流108,食品加工,台中,民營企業,出口導向供應商,前審中,137,2575.371827475794,0.20868450638015917,0.8546253033103492,0.6981441300457658,品牌商,冷凍設備汰換,189.62367497151843,0.18526997050179067,2059.4850670150827,3.9253232432311473,23,0.2886170272630788,0.6138744724776687,台食品物流108 為 食品加工 企業，現階段主要關注「冷凍設備汰換」專案，同時面臨 品牌商 帶來的減碳揭露與交期要求。
CMP_109,富紡織股份109,紡織成衣,彰化,上市櫃企業,二階供應商,前審中,338,457.8511998938721,0.302008838262246,0.8636627925810663,0.5481207773586387,國際服飾品牌,廢熱回收,68.07247922509046,0.2528924066868322,5284.036682034098,2.993103727046935,41,0.36549383286367454,0.4636570631503853,富紡織股份109 為 紡織成衣 企業，現階段主要關注「廢熱回收」專案，同時面臨 國際服飾品牌 帶來的減碳揭露與交期要求。
CMP_110,華電子物流110,電子零組件,台中,民營企業,一階供應商,前審中,553,3347.1239502062685,0.6113080231070517,0.43239867325268966,0.7661242817520317,國際品牌,製程節能,36.244313492583785,0.122263019811107,2602.3062538847703,5.411694073233644,19,0.33171972927018445,0.6344449442774451,華電子物流110 為 電子零組件 企業，現階段主要關注「製程節能」專案，同時面臨 國際品牌 帶來的減碳揭露與交期要求。
CMP_111,和精工股份111,金屬加工,高雄,民營企業,出口導向供應商,已送件待補件,670,2486.0566218501604,0.48749590633622286,0.6545084775075563,0.7218316336277841,品牌製造商,熱處理優化,32.603332194127404,0.20439248278615219,2834.7038902585687,6.377098914882881,16,0.4797251422043718,0.7165639928915153,和精工股份111 為 金屬加工 企業，現階段主要關注「熱處理優化」專案，同時面臨 品牌製造商 帶來的減碳揭露與交期要求。
CMP_112,嘉精工精密112,金屬加工,高雄,家族企業,通路供應商,銀行邀請入平台,721,1562.717861530627,0.27787122070074644,0.4080643983855542,0.35034087755536664,汽車供應鏈,空壓機改善,52.799365726301616,0.32350135973411526,1037.3277979647055,4.783851775566401,25,0.3887925517849963,0.5177680220978984,嘉精工精密112 為 金屬加工 企業，現階段主要關注「空壓機改善」專案，同時面臨 汽車供應鏈 帶來的減碳揭露與交期要求。
CMP_113,群冷鏈工業113,冷鏈物流,高雄,家族企業,通路供應商,前審中,515,1403.4110363055513,0.28915688276884344,0.9025330302776986,0.6501257895880113,量販通路,冷媒改善,76.35610624931262,0.13360397300473914,3411.5839216052386,6.765021624987552,4,0.5171348680718768,0.5161968703640978,群冷鏈工業113 為 冷鏈物流 企業，現階段主要關注「冷媒改善」專案，同時面臨 量販通路 帶來的減碳揭露與交期要求。
CMP_114,和包材材料114,塑膠與包材,新北,外資背景,出口導向供應商,銀行邀請入平台,503,2261.1287157578863,0.267165714410226,0.6724104546548962,0.8497022327969073,出口法規,能源監測,210.6198444828741,0.13535654020238563,1915.2624236643123,4.355327342506323,38,0.5388975197196877,0.43341174800138155,和包材材料114 為 塑膠與包材 企業，現階段主要關注「能源監測」專案，同時面臨 出口法規 帶來的減碳揭露與交期要求。
CMP_115,永電子能源115,電子零組件,台南,民營企業,一階供應商,第三方導入,776,2300.7828109016455,0.714322808998737,0.5534654551517968,0.5484061981678114,國際品牌,製程節能,201.03856950548493,0.21511471522872067,201.01238534123874,3.1083518696182617,8,0.5997586310290179,0.2905192451907568,永電子能源115 為 電子零組件 企業，現階段主要關注「製程節能」專案，同時面臨 國際品牌 帶來的減碳揭露與交期要求。
CMP_116,鼎冷鏈能源116,冷鏈物流,新北,民營企業,OEM/ODM,第三方導入,46,257.162185696407,0.5770163843261463,0.3632513079794947,0.8592752678816532,食品品牌,冷媒改善,211.67430130199284,0.31005469573091077,143.0153374377868,2.3644625487644357,6,0.7584986808291063,0.4606860399360361,鼎冷鏈能源116 為 冷鏈物流 企業，現階段主要關注「冷媒改善」專案，同時面臨 食品品牌 帶來的減碳揭露與交期要求。
CMP_117,和紡織能源117,紡織成衣,台南,民營企業,通路供應商,已送件待補件,209,553.4134780617682,0.6411887202744336,0.7921382615705925,0.7096560851479612,出口客戶,廢熱回收,69.98189370529815,0.07286970981523921,2094.65546319251,5.241610477632609,17,0.4610742484517982,0.5192858288989184,和紡織能源117 為 紡織成衣 企業，現階段主要關注「廢熱回收」專案，同時面臨 出口客戶 帶來的減碳揭露與交期要求。
CMP_118,華食品能源118,食品加工,高雄,家族企業,二階供應商,銀行邀請入平台,770,1657.1779442018235,0.764626166841034,0.7841405507608266,0.41167861768684966,出口客戶,熱回收,126.44912842449652,0.17590048933528823,1090.5351331913644,5.851843930490862,12,0.7724394679915036,0.2448359578126834,華食品能源118 為 食品加工 企業，現階段主要關注「熱回收」專案，同時面臨 出口客戶 帶來的減碳揭露與交期要求。
CMP_119,群電子科技119,電子零組件,台南,外資背景,一階供應商,貸後追蹤中,1117,387.51869995838604,0.8584692276196952,0.9306765619493538,0.3572311178095551,半導體客戶,ISO 50001 導入,34.14825427192012,0.29794097538541015,3591.097623227546,4.719578418616761,22,0.5459788649735098,0.215219463033391,群電子科技119 為 電子零組件 企業，現階段主要關注「ISO 50001 導入」專案，同時面臨 半導體客戶 帶來的減碳揭露與交期要求。
CMP_120,鼎精工工業120,金屬加工,彰化,上市櫃企業,出口導向供應商,已送件待補件,860,2424.5146791671277,0.6984202289759095,0.8678768378011609,0.6334812065386929,汽車供應鏈,空壓機改善,57.82780962708624,0.12148228581658557,2733.635476549486,6.489869361697425,18,0.6498536612869875,0.2534511238710729,鼎精工工業120 為 金屬加工 企業，現階段主要關注「空壓機改善」專案，同時面臨 汽車供應鏈 帶來的減碳揭露與交期要求。
