company_id,fiscal_year,revenue_twd_mn,ebitda_margin_pct,debt_to_ebitda,interest_coverage,current_ratio,dscr,operating_cashflow_twd_mn,capex_twd_mn
CMP_001,2023,1219.7870784295803,15.179290381728439,1.1485598488822852,8.715306039699461,0.8446619029385612,2.0179410558147546,132.51044743939514,69.74168701259441
CMP_001,2024,1181.0016078335223,13.946441784757374,1.4908441981441993,7.937011454729038,0.8191834932410953,2.266802588668207,187.73983519942212,94.71910310612564
CMP_001,2025,1138.8501832970437,15.267261318046776,1.5898886034818491,8.154950737670376,1.0113369744577219,1.728623235200475,169.63839586505796,91.3747211101499
CMP_002,2023,362.4262842005783,11.167658489386332,2.1783770675632326,2.6066911535084385,1.4961071561288763,1.4469986011572435,22.51783479008937,13.178697754919172
CMP_002,2024,387.4513993868764,11.444958679951123,2.119767784867276,2.4853814141430006,1.7279862907425516,1.4890637255598544,35.51472979698887,11.655815306640024
CMP_002,2025,426.0310128950166,8.572154698280912,2.3209579232495483,2.860999134679971,1.5961036817913152,1.4136926256159887,63.5732487700805,11.824530873929469
CMP_003,2023,1088.9407211979844,11.555893580876619,3.2094253896586635,9.342838901788971,1.5410241318305307,2.4312640354769837,179.1430051443202,88.35180243735059
CMP_003,2024,1209.8022072580975,10.850875265062779,3.6110353179151384,8.696714782625817,1.689646654701377,2.3386489859866155,199.1635514965472,78.01536346763085
CMP_003,2025,1263.1411951444438,7.421867991452446,3.1211781966974215,8.059078795913843,1.5898248504736185,2.713892269100072,100.05035574042968,109.37077485374553
CMP_004,2023,364.5135099996584,12.039256289792894,2.450739189913211,8.014455860916458,1.8067896983326661,1.5514959656844374,27.793080808920426,146.93575154530942
CMP_004,2024,463.23879321888046,15.137697497124025,2.7534648169609377,6.236420972026323,1.9050760665005144,1.6266177085086457,78.50445017621074,138.1437207867033
CMP_004,2025,455.0612161592007,10.061932237285246,2.509708621343129,6.504304963423838,1.7863476348496279,1.4400061630586705,67.3256396829534,148.53627459303044
CMP_005,2023,1000.8080232525039,13.597645117473625,4.316693543578117,5.722713331677252,2.353961701672802,1.8274449708577638,160.38740222943733,80.79537317717147
CMP_005,2024,946.3668056317617,12.56059674258064,3.9394580226687808,7.588963923705861,2.287357653613216,1.6106678538214119,162.097320467694,79.59923484453975
CMP_005,2025,894.1898733991385,12.00268958628227,4.250690995616374,6.8605218745087955,2.446567223711731,1.6521067421010351,100.39569618218788,80.65054300237706
CMP_006,2023,874.7958293974698,24.049062395093728,3.321604006994867,3.678380508085925,1.9268316318041814,1.3648408934815273,63.62915189117901,126.65319785478486
CMP_006,2024,999.7542753132851,26.265450597826618,3.437358726291933,4.796405743974703,2.254827384327999,1.4716170086629092,122.90542938632242,112.52870991911892
CMP_006,2025,1114.795141560365,23.545798046730955,3.244399643619426,4.586189921513721,2.399003687825913,1.5379922736094014,77.11938810599892,95.94134055166958
CMP_007,2023,3114.819455382597,17.0154695189939,2.6620900201957123,9.043689237586305,2.3389687168996987,1.9293905985573192,355.7002814635677,233.92196515365936
CMP_007,2024,2787.9041973631033,20.34170537443217,2.858326329521822,9.242425039442093,2.277454040967439,1.8552709725100238,320.17580389209235,183.3349102474212
CMP_007,2025,2949.942550663388,17.37647969572357,2.77497755139517,9.429853170083996,2.2606564437995478,1.8158337821415054,327.7354135834398,239.5758468236118
CMP_008,2023,3929.4261674401355,13.86785220928487,1.3136566113707135,4.526883242112835,2.026982977574031,2.4818503477171294,471.1117627507838,91.99754910843043
CMP_008,2024,4312.924264802235,14.017191652500863,1.630961964538563,3.8639539391552638,1.92594567216032,2.505042129034645,693.5050828827648,45.51398701872245
CMP_008,2025,3958.2735564975255,11.913406376313818,0.8755005587232187,4.838550492472201,2.0736395203073386,2.3736301345056656,375.156059525853,104.37064219451881
CMP_009,2023,831.9094657715049,12.842556284735368,2.0520055878013292,6.085811326291006,1.6243636144924485,1.927998193175637,111.69639660788738,221.12805649687922
CMP_009,2024,847.9304480682664,10.282775921447888,1.8849166471276775,5.630862184553462,1.585717135501015,2.1174167368000587,84.84723968560782,164.3914723182178
CMP_009,2025,1028.2898398201526,11.11021264872946,1.643720380969385,5.099916252904483,1.611292100841666,2.2686313935692506,157.99167595709224,154.97455589296226
CMP_010,2023,204.19552184974583,12.825334074687325,4.919516428527531,1.2874406827804696,1.0355195675882525,1.1495966774893793,20.930982898447017,130.00699904610266
CMP_010,2024,158.4652565553523,11.939917907094575,4.915600993511693,1.2105545511534486,1.0370153521228727,1.216547375591937,16.529465777858718,177.0105351470936
CMP_010,2025,197.29978362487122,10.511367968712337,4.497891752637673,1.633766864754913,1.2160391973497302,1.1394604724853084,26.23346410824165,106.981290212559
CMP_011,2023,4094.108536511417,22.88682822267957,2.861026891701332,5.964960799499285,1.431477762323864,2.5607557834419152,462.75875495331434,15.654048891813353
CMP_011,2024,4175.667457271709,25.779892658315195,2.6734659756468515,6.579356705377082,1.3226274293489062,2.581924225296683,480.9825287972795,19.258547950292964
CMP_011,2025,4107.07901695434,23.82738951051034,2.3310419977594536,7.36810579343636,1.3757293252970053,2.605026311541959,296.6375730550531,25.245395062944475
CMP_012,2023,910.807275492857,10.9313425486024,3.7295642519867744,8.087084412006597,1.9587781885418984,1.0681877292882662,149.60145195790568,43.86080207846875
CMP_012,2024,1148.6047381715775,10.217531219984696,3.4785765634170724,8.446026760771279,1.8757183036306788,1.0986572102572283,179.20756331168698,40.78667285821032
CMP_012,2025,1259.4518939703232,11.453126218138108,3.201940980555993,6.92745644031512,1.8832149805862048,1.3366705399908518,112.46759126832306,34.7578986876804
CMP_013,2023,986.571061113819,17.236413000095922,4.207510799426726,2.8421201494416044,1.7199321234082898,2.090955210437251,85.37114492618521,50.35598564250552
CMP_013,2024,889.9105804344747,17.992745396255376,4.003924936115328,2.8782395322594647,1.7522519763475752,2.0434853414363015,140.18205873671354,21.24324221582461
CMP_013,2025,1004.5023824425834,18.456870224237193,4.02960269537251,2.3039637980562895,1.7742632883742455,2.32864273027512,99.5408129841631,20.65543534606345
CMP_014,2023,1083.3558558379843,9.081695003719158,2.461837528321479,0.7531112469041659,1.2378298948610456,1.1787406392911088,118.68167565990233,283.1256241438733
CMP_014,2024,1283.5567390528306,9.925373831208056,1.6079281774163592,0.9089735138896162,1.431087365866037,1.1805051302580938,225.68746778777535,236.9479662398502
CMP_014,2025,1374.717591870933,9.517439414019254,2.4666879525520216,1.3310032213258276,1.420011897936563,1.1248091255876178,149.5386811266009,124.49914593831545
CMP_015,2023,1788.6348122027962,9.280443521386053,2.2662902816843045,7.958269906318156,0.8835800541972461,2.707256640833394,91.47624832432847,213.5260066512098
CMP_015,2024,1987.1989172185022,15.595436266910259,1.6222334481915581,9.199445544783329,1.23796593954081,2.4147849041988776,295.18793087169246,233.48527984959418
CMP_015,2025,2080.0384586095247,12.407424619581912,1.6745638532932494,8.342087271316924,0.8331797115722549,2.49234073583814,177.6455364145316,144.14538148845577
CMP_016,2023,930.1736335015325,8.99789774924331,1.5975845021951065,2.823594358672053,1.5034134236633347,2.6590951828958738,143.33359025719741,23.89014091817548
CMP_016,2024,958.3810925255714,9.534660407550339,1.768000709313996,3.6744959818520684,1.4358191034567338,2.4036518303332444,145.03670991941806,29.713911369182423
CMP_016,2025,1058.6500394038028,9.788622838483034,1.5816901649584874,4.316610308570173,1.543610575080857,2.5707066770360187,166.79380457416246,17.55918360025013
CMP_017,2023,422.4919193902176,9.721201745842329,2.3344819978695117,7.852728647294041,1.6571104943369934,2.279236115724449,70.53166079128155,137.0162944798347
CMP_017,2024,588.9601312418307,10.328552955713882,2.5284106393948034,8.813826780931207,1.7764977980705055,1.9930917318513042,51.043322261137085,99.34888801898599
CMP_017,2025,565.7192141831287,12.279624434913929,2.3635086875104747,9.720963587117916,1.9064733448988402,1.861381622592075,44.80757795004333,188.64144331968836
CMP_018,2023,647.8195230058731,14.220558977146514,2.114166495472551,6.1399000922199845,2.066820342771527,1.14466449264744,90.58937411938965,12.779215123352765
CMP_018,2024,515.7610589054974,10.513510284438206,1.9848106309459508,5.622825424277419,2.2040747853697424,0.9395200191270228,69.3685849460984,16.0144661154483
CMP_018,2025,595.2735517830481,16.78015115550158,1.315325491432556,5.59273823235093,2.1059632335791516,1.0795433320908456,51.13298620337241,29.060316112438343
CMP_019,2023,1112.531098653994,13.302631135738846,2.1220052368969604,7.985236220586383,1.0454753135163892,1.8869655612361558,194.25566882571363,157.83862267281404
CMP_019,2024,1306.600231148728,15.517576975776818,1.893722931114137,8.487624688099421,0.9958269080557962,2.1505737808489025,82.72165853280256,158.593189450185
CMP_019,2025,1542.9402930272624,14.147227586229214,2.25691474030245,8.920105108421236,1.004471107045487,2.561148752585366,143.75237352664405,132.70472638830668
CMP_020,2023,1232.9934459087078,10.636204382112485,2.4049212010765055,4.50218197353186,1.4802201756031765,0.9616457132753767,113.27584976167756,261.8411579587319
CMP_020,2024,1180.1656723392769,12.163374819598967,1.6185633591441677,4.849600018008056,1.4553608215085858,0.7191779218097172,194.58332657110333,216.861769235782
CMP_020,2025,1264.6200673979367,11.900828849897557,1.7635210338564118,4.7330404036244005,1.5585732431237969,0.9203029842312269,132.35632223446854,151.82848093948817
CMP_021,2023,434.75212306998947,5.944415438104735,4.575094551907971,1.0306081263454538,1.6201106914582029,2.2926804593715517,40.8448000299632,54.791032603250954
CMP_021,2024,426.5054919679172,7.4088638569565175,4.288387435138132,3.4684304408672406,2.0343908775574877,2.04881904138004,43.2049470410314,49.57188155675584
CMP_021,2025,494.33987156281376,9.842542713103104,4.010264417400337,2.4122330224577357,2.0566905720667594,1.8320259426672783,73.81850646136178,48.67815154800883
CMP_022,2023,482.0385906512921,14.089297465653313,3.7721097381954225,5.0797779643750856,1.565293261890297,1.6644333845123744,49.064738802982184,184.0420564498305
CMP_022,2024,677.7691775387348,12.956509084214776,3.5625316428038394,4.523600578917923,1.427698914149968,1.4113809926357663,48.79057037260223,119.74211863840831
CMP_022,2025,668.1182936047443,16.007411815884378,3.8963012663753265,4.561226036738386,1.3969063866738995,1.296404783642995,96.42490355462941,170.69844012693216
CMP_023,2023,1294.738883110887,10.517065524483606,3.095967793652256,5.152799171490018,1.522670615571481,2.755044478037051,220.36827982385404,46.303564541407454
CMP_023,2024,1310.1877651991265,7.13706668214738,3.2977987688468726,4.356081490257235,1.4379208762304323,2.712786211788888,72.20488201669549,89.91787943775637
CMP_023,2025,1319.4281610800315,4.7926112617235495,3.835772727668626,5.3414353485964945,1.129796147888141,2.4900581721989443,75.74340091765396,82.55241301899557
CMP_024,2023,1658.5644071894278,19.58726161225287,1.9583348163704328,8.045312993460529,1.4241747301003838,2.093053683719401,168.4503155852963,130.79010782800162
CMP_024,2024,1786.6174054157054,16.568973596769297,1.51753345447616,8.670755483567868,1.5583072019824367,2.2557627174468045,124.87021333462653,193.75898714006175
CMP_024,2025,1877.5346237993394,19.85157287458338,2.405828023554287,8.937099832241152,1.6354161403057748,1.8961785605084094,128.9267944400906,140.6000458254362
CMP_025,2023,709.2427414292184,14.491001282597027,3.5473357601434903,7.335605943640967,0.9339888887194107,2.3160321273941977,96.36093126574083,42.75405949389248
CMP_025,2024,678.6608840160475,13.743978816902876,3.8595709910183804,8.80033759174074,0.9963893596963436,2.3133421725439045,74.90950104283269,56.02710201065947
CMP_025,2025,720.695478992986,14.243607927003579,3.0220116154527825,8.298177370626668,1.1754162644263746,2.3586133700902945,64.87559570264771,96.1814018865567
CMP_026,2023,3930.9422035926777,16.17866463111721,2.8996277972345963,8.661201104752955,2.3008194753090643,2.752729406723099,687.9380708880668,13.106883335443731
CMP_026,2024,4259.866171325641,17.828200287822984,2.7129923912522993,8.473240181683993,2.183052947774425,2.608038508186929,581.1449574917335,31.251528477973483
CMP_026,2025,4547.073454212455,16.496072732583787,2.7931557605962323,8.21700290674538,1.856147733154927,2.8180275761080322,489.3919756534261,15.311653208696377
CMP_027,2023,1614.864601968768,7.5558680118989665,4.700124021642896,2.296637866211327,2.2563005585096554,2.017717479812098,266.4141776993549,142.81014042317358
CMP_027,2024,1936.4722015088184,8.787085072012871,4.432849753579875,2.2053113477593587,2.4110525952355237,1.7356338880694988,154.64068469549446,114.29940832565445
CMP_027,2025,1941.4729960384798,8.163601351571742,4.274165589899312,2.1835070801827774,1.9617907593554798,1.951887255226592,218.33087597891898,186.88952563363122
CMP_028,2023,1330.9957545633326,13.900216290095063,4.816983119831713,4.149726048528056,0.9791040580550064,1.5402716664694645,174.7580412890348,251.6990989534028
CMP_028,2024,1757.1425486229427,10.89765841255903,4.845415638460266,5.574046105825921,0.8720874364022116,1.3760544823158678,225.67086329303805,292.75698842271976
CMP_028,2025,1792.6149796452469,8.023482047818876,4.720613623370568,5.540568347899361,1.0738811001310715,1.5886220465885117,120.19782227363218,298.7314442823672
CMP_029,2023,663.9471720584831,8.913575508223472,3.5332328694495407,5.333361867406394,0.852847206152284,2.4625772596465283,37.27669658525218,21.14684663397173
CMP_029,2024,649.1799877817957,4.625248692869422,3.6224964009051908,6.247365385259068,1.4110278603979254,2.506898169445029,96.16869283351815,37.004803030094465
CMP_029,2025,656.2456694233018,8.75041406497387,3.689075212450125,5.765260129569927,0.9494238063726506,2.626200510189753,89.18107802212928,44.914531250177596
CMP_030,2023,1143.233578330954,21.961620952089667,2.304069507616688,2.8198621206586103,1.3452359216453154,1.2287995809722527,171.4280236023307,172.93026707953553
CMP_030,2024,1404.532296306721,19.570624630372624,2.3177292588036185,0.7652295072918873,1.376226171199789,1.0888154731850046,135.87028480718067,178.53388670233846
CMP_030,2025,1434.3796602137354,18.995561822134903,1.9742188360693969,0.916206082507666,1.5747551195324023,1.2352410902036723,255.8539488661969,131.12833265628475
CMP_031,2023,1590.2669919102539,12.190675839490572,1.2715610746898625,4.676661008531656,1.5253224056283035,2.478019830757889,147.69708024469114,163.455973344998
CMP_031,2024,1268.0582811600184,13.471583730013062,1.1135981547241924,4.5475581820859174,2.0041168279054262,2.3149413590402785,127.80214494262945,252.84491276038872
CMP_031,2025,1532.3642737130413,11.9591226996175,1.5734233612101844,4.7131778451261495,1.786472169254507,2.1610463470402896,104.2637426297118,112.09102994851116
CMP_032,2023,243.6516224081831,15.982848684470719,2.950076359428128,8.565970228049014,1.2775713397039925,2.462563501075342,20.496005547342445,58.85362459393402
CMP_032,2024,301.2689169054023,15.422289984618093,3.2235229007976267,8.753837345548352,1.3724902505916556,2.5644792546421447,31.86344766937719,23.92485109764534
CMP_032,2025,309.8597008796843,14.587447669486595,3.263654176897639,8.22027057408834,1.3620147491993302,2.5430914757553764,36.440890962503325,40.8926845005158
CMP_033,2023,944.4291818037192,17.039855379841796,3.652904125736167,7.2612320327574,1.108481766088967,2.0619577608287347,113.0692102788232,41.0496908226479
CMP_033,2024,1194.5068022053472,18.350102060901296,3.632288647350047,7.76321731036434,1.2260760435981644,1.9853666029216126,83.8602674948141,44.362541060284755
CMP_033,2025,1081.0152366595844,17.028029827781545,3.6356129661271077,7.6109882638472515,1.1192645096391245,2.2452059482014075,170.4164574740559,36.218524162939964
CMP_034,2023,1003.2943008543344,10.92685324820427,1.5322481670606471,2.9986860210279627,1.1567166686146515,2.5353314372212754,109.70917448025233,84.10191459588152
CMP_034,2024,1185.928801139043,11.075316807052154,1.318273041039982,1.2702921740391049,1.2415607453097879,2.498461838573008,156.360811119806,61.43532704166663
CMP_034,2025,1277.4664734461392,12.545545962269264,1.38401978502597,1.683484223090382,1.0803013164145794,2.509856823534488,134.49057909971373,72.78272235730691
CMP_035,2023,1118.4548980888026,16.15719372326801,4.502916237583828,5.925502459165836,0.9952994894448421,1.4109401021965646,163.7450563928619,192.2691688570607
CMP_035,2024,1441.9694416273485,14.254892710395778,4.4296134832464045,6.5798804805030775,1.043135727337332,1.0612906770043948,110.06042968910536,211.71329755138615
CMP_035,2025,1465.760700513938,16.290283967748284,4.611191262642143,6.160203374607533,0.8460708493190181,1.1788695868275632,260.4881081325854,117.78483250357384
CMP_036,2023,3466.7370695603136,14.192850892499518,2.34094243796148,7.362721816707522,1.9725070225409291,1.6479576570184293,552.3631546257548,73.63170973498062
CMP_036,2024,3900.9425802629426,14.968178177497485,1.940180456265193,7.368808296702116,1.5167498496161218,1.6634508275266582,555.363019933658,49.22638451864353
CMP_036,2025,4459.806504266603,17.291344281089106,2.374311473362343,9.102368112481733,1.7258876075908118,1.9006671135107513,547.6506431293457,58.91364628009141
CMP_037,2023,1326.8305932545823,13.196152646772957,0.9413822162124821,2.0967102796781574,1.7790549634277184,1.1614193318359705,177.23436612348527,282.9133516796528
CMP_037,2024,1650.4154071212417,12.57428253563137,0.8643216683419617,2.1035587250755228,1.9887646172250064,1.4919573658796386,220.1542473866289,286.7969274990091
CMP_037,2025,1561.2424112446492,12.454468631289545,1.347531823548519,2.2122647578405417,1.8596939356099835,1.3399124883387024,149.32185471929674,134.55902867541351
CMP_038,2023,1463.7488433062604,13.024003481944316,3.5305782881309478,7.6804141370910965,1.9035210555620095,1.873574330014021,82.92341181548845,154.75320282379863
CMP_038,2024,1310.1169445575836,13.476172380817378,3.647824246421304,6.848549861993259,2.1030194065146826,1.6455419989720639,177.26504274020994,129.15292571753332
CMP_038,2025,1450.5905407024763,13.883740966076068,3.3288004955827457,6.825303299082542,1.830412283080596,1.922726107057143,110.3056053650461,117.5803931078459
CMP_039,2023,2909.953001485437,14.643111232802605,1.2835882314246607,3.375487055434857,2.2685350710652155,1.213716896487154,348.4017041569673,116.05954022757089
CMP_039,2024,2797.03166173267,10.840527842662723,1.1352085634303508,4.354017600691361,2.452740394712097,1.2548802226203897,180.13140951971224,170.11392678501122
CMP_039,2025,2970.0801254135185,10.670772014593908,1.728749550535997,2.973278101767254,2.4419667610302964,1.2738617287980716,371.7265993766674,94.25984213492443
CMP_040,2023,1181.109317521825,11.376296124485702,4.185330826812899,7.68127677271867,2.0064025335674236,1.4353591768710212,61.58592437666688,193.9388499053137
CMP_040,2024,1292.9352405108611,8.952972244456056,4.241129710874815,8.409566611520825,1.9517559941704534,1.5743956190277884,206.3627151750306,210.75867824900513
CMP_040,2025,1410.4209851847029,13.206329202042783,3.744860520814733,8.233157573256163,1.7279095127234942,1.1249221415479902,243.34743722017356,139.01982809454375
CMP_041,2023,2226.198667174345,9.196938522783045,4.574990404860086,9.40656204205598,1.3379419222818654,0.8834399523370253,235.11438988834303,22.88703640928357
CMP_041,2024,2359.875829589582,12.41188256567217,4.044419665930388,8.37838738191325,1.5955730035057076,1.23089987830277,195.79959274421242,57.67537925107064
CMP_041,2025,2308.7740053672264,7.997715412641569,4.095894461252446,9.894433071200233,1.4494377243516094,0.9880744191026801,378.05431208902587,33.83889834830398
CMP_042,2023,2056.5883136170905,18.45303079652947,3.022137275799359,9.703941122078781,0.9060602860053673,1.3661589078602114,247.8909595451054,168.893798804188
CMP_042,2024,2724.3536455828175,19.705633760231507,2.7592601185997188,9.098532908796418,0.8864086391955904,1.0603023887422927,432.92380814955277,162.8669736140183
CMP_042,2025,2650.54535974342,18.66069782066031,2.9528232860515224,9.427167504420243,0.9775925404320183,1.1741593010501095,164.85377962573295,121.2379876070031
CMP_043,2023,3818.2650878892036,18.81746305500801,2.5599577623143768,6.623750006203346,2.0203911207413445,1.5259999645270852,223.73169779814418,240.06376126895168
CMP_043,2024,4953.897309770479,13.539224049882414,2.0620350883366596,5.782178016295155,1.918775480407231,1.2734536466160664,672.591709782963,126.46618587227321
CMP_043,2025,4953.727584015164,14.418487002621827,2.241269492114835,6.776103649082113,2.178516554995334,1.3489548379577738,790.1096026578666,250.5093306184326
CMP_044,2023,1891.560980515582,7.791442203777763,2.409807086525398,6.4045467670922065,1.3412562480952719,2.44757997778375,202.89283025737836,132.69839326856442
CMP_044,2024,2097.008174592501,6.044930752075016,2.90602978654657,6.456070958126977,1.3806947395599194,2.548117678717005,287.09828967825223,102.97457938269355
CMP_044,2025,2104.5360769825434,7.524934612228669,2.6133108743025835,4.7864773210993175,1.815476400831578,2.533153227859422,182.24659418447985,93.94757143865087
CMP_045,2023,331.52007573467245,14.01283686428288,3.653307603087254,7.356359680521267,1.106267925092127,2.7824148211312463,53.422341738438945,55.539781366187285
CMP_045,2024,313.6968276292694,16.96341805746818,3.474559792065591,6.595973639508337,1.3430353018374828,2.939645329536473,44.56353960777487,46.86574617804438
CMP_045,2025,328.1298104973261,13.5612991031647,3.027064119373244,7.153773653893196,1.0348005703876721,2.7209890524557605,33.00279037706568,61.17573003253739
CMP_046,2023,164.31114962585994,10.574347758451673,2.484005995571085,6.065744016687379,1.9259464302751619,2.7834986838419855,17.090945232638266,63.58530162207501
CMP_046,2024,151.29460235960954,12.445954511772905,2.6626088356594693,6.620342289306833,2.094469116915609,2.7653053104098824,12.791484989124726,63.85940374165889
CMP_046,2025,186.50028799285624,12.588558404148934,2.5769617051929243,6.884713036827382,1.8391691937141936,2.8375404554628103,11.504855479869267,139.94923799387965
CMP_047,2023,1848.7627079793613,18.27437353850344,1.5245932788835928,7.964757807417562,2.264668671195277,2.4175057988262396,153.96516871213402,112.25487703781725
CMP_047,2024,1968.1637688284409,19.675049890319166,1.659454877279884,5.937156172367093,2.222440404381806,1.911303489869908,215.71338199636173,101.07426613947766
CMP_047,2025,2357.183511146069,20.559984660332226,1.579220391316661,6.19932380760384,2.343251460776573,2.0265667657830377,160.67301566971528,152.40599235681282
CMP_048,2023,1550.949473827182,10.012535770093503,2.114334873652515,7.592827480467414,1.2444082294809338,2.0052329546663303,135.73008386453137,220.17650032886147
CMP_048,2024,1599.3923471605626,12.842007313785144,2.114273580311795,8.510093603433777,1.3277940576540483,2.0175614725239126,84.334786056078,191.6967585498795
CMP_048,2025,1542.285189429026,12.977933160224614,1.9946986873947035,8.309347097711937,1.4470451033648524,2.1724132911860914,247.06398437264755,236.4678586767257
CMP_049,2023,665.6441194519323,12.465704908951949,1.0702211450890908,6.489537332151993,1.424706811160742,2.5160708122607205,52.10462590659019,169.06187928928458
CMP_049,2024,631.2274328669067,13.424070559598134,1.1993676656997592,6.788920718643772,1.3495248960108037,2.9506458952182273,64.11382883012342,209.17501310808328
CMP_049,2025,723.7502400536135,13.598682748863578,1.2414591673940196,6.329099436944048,1.4928504558181088,2.610782202137557,37.68531940960552,113.11412954530354
CMP_050,2023,2085.3274974557157,7.81845601983711,3.301622003203184,8.902777234087193,0.9579728825766528,2.283166713145892,366.82533982232025,37.26856919042453
CMP_050,2024,1892.1953168942864,10.118218052853948,3.115105930308737,9.540505118537823,0.8404963104663469,2.518845956825354,251.4333130848344,46.15700927851065
CMP_050,2025,2088.683864210114,8.523852262523429,3.236121753662957,8.801528492029718,1.0394797544834276,2.395935702382164,144.1590626040123,90.5340827018029
CMP_051,2023,811.4803263078777,12.656435442096075,3.472231604363073,5.1663031563596125,2.061645608958663,2.2325752606891993,75.87466977175191,108.34818369047638
CMP_051,2024,1067.436805828456,9.63806965570284,3.300539868437538,4.33644601417696,1.982720239916228,2.1235388088553546,133.4227485720732,135.71315112717966
CMP_051,2025,1096.413196272052,14.4511954509771,3.1661939206759984,3.953566854149321,1.9432844968399186,2.6550977650605696,114.91478002848045,77.82663917172717
CMP_052,2023,2985.6346968224425,22.07987014105163,1.3923778872234507,6.891586048776469,2.2782760962293245,1.0916281815074134,370.7994895132943,155.44236313076829
CMP_052,2024,2519.8785170299366,21.408228296617395,1.7372408921868991,6.81630493098076,2.3404508062606943,0.8915212041541825,442.8880778200782,262.9939626864261
CMP_052,2025,2822.7534631842514,21.194073234855736,1.2835561745176505,5.771054236370516,2.2679424869348956,0.7382670173716073,495.8487046367839,236.05349576780296
CMP_053,2023,2011.801564175772,18.806342668444398,0.9865493172605877,4.341389122635359,2.3558482052123475,2.0336382182152426,211.69515332841556,40.871397284259
CMP_053,2024,2314.549722492511,21.303840279872922,0.8131851053633148,5.218452304218134,2.209333871092056,2.2213000094289983,313.0575140366281,44.84508346912325
CMP_053,2025,2892.215084176179,18.147790140907954,0.5350026016693936,4.34382954917303,2.0403246069431864,2.0289196828098577,262.212360644174,18.861092523115424
CMP_054,2023,2341.071698059317,13.895550436491133,1.6232744752193138,3.615184357604167,2.1048689383140604,1.9321662046101882,132.3263827138133,81.21193646503534
CMP_054,2024,2364.5643506578645,14.880372867704697,1.7318722702151081,2.594965826448008,2.3734453221981493,1.9024052308563186,313.8510159575732,69.73546793227878
CMP_054,2025,2244.6017221681473,14.540159910786649,1.2641511026646544,4.12017733506158,2.0166188759245625,2.0981855005674666,253.30902294130505,71.30082183366923
CMP_055,2023,690.4249641651442,9.145810059918528,2.5795032458869,8.622796311153202,2.075252706087527,2.0185875722872386,117.46923939183449,92.28518358920347
CMP_055,2024,616.7634293374504,12.89205164659853,2.6776176975034196,8.296805423537853,2.041856530616618,2.0630264504760856,64.13897036379775,51.66279040424397
CMP_055,2025,784.400057682364,12.297867430511031,2.4400170326481985,8.468221406804322,1.8611977341621626,1.5256166992483182,40.41289638518451,62.25300350714109
CMP_056,2023,1540.8167960989508,18.33753269005915,1.2237444866581482,7.221315036690715,1.7655455971464036,2.5011144227486657,100.37670120102241,92.16413180858517
CMP_056,2024,1665.3938638232128,19.984067993790674,1.4171192810912976,7.294485824840818,2.051367928758201,2.3282776401631335,130.8521009999451,67.10287072834323
CMP_056,2025,1697.2941681327777,18.728213743634033,1.1719857215710667,5.953525182892715,1.7148992193699868,2.361420188424097,180.9267697952988,64.64360649395836
CMP_057,2023,1430.715942518564,15.109467207085117,2.625716753719754,2.154557989919995,1.1248824898743128,2.772679796852491,119.44175507043506,95.9653557552536
CMP_057,2024,1508.333004892876,16.76814540538434,2.704103959768307,2.4484792222541634,0.853867002337833,2.487937678079734,214.01084590649856,94.1852975464069
CMP_057,2025,1570.3141871964656,15.244859838600414,2.6942119780979117,2.340031412764728,0.933351414622105,2.405834628662014,225.14540929395724,214.8281347256999
CMP_058,2023,2133.33858417985,17.384230711893235,2.625657172098131,1.9349730603420259,1.60788562302662,1.2400736862406954,360.94796412804754,84.88026855443604
CMP_058,2024,2044.8900835699399,15.256303999966606,2.0910238637277954,2.564325896780701,1.40133595612977,1.1720669362180034,172.0473773305319,35.76523036967651
CMP_058,2025,2159.218346936802,17.179006937128083,2.1932220904776836,2.3952511868677613,1.3685145639269745,1.4565575388789445,143.7259844064371,80.89988959011113
CMP_059,2023,826.11847406873,13.827734882644648,2.5455599999135083,6.520424934971994,2.224018842646219,2.3973473619857972,117.68055363128539,25.789248681466653
CMP_059,2024,874.2255029101229,11.84381594792665,2.549962409310998,6.220470945198484,2.010873873765704,2.099269265227781,123.72926813573916,39.80884739570502
CMP_059,2025,963.1242021564251,13.591491733925103,2.320604632858298,8.017914238811539,2.192291443625164,2.3996326104175667,140.17238496976853,38.91269687801188
CMP_060,2023,772.4133041017884,11.372900138337307,1.2599636223196118,7.649518094105868,1.9509312768459104,1.4892753006367392,88.28921861500571,55.63159043668063
CMP_060,2024,854.7938653160293,10.384904012290566,1.4630605800060053,8.50549584280397,2.0956057377975266,1.455281685948178,88.1451832767791,34.36335318451986
CMP_060,2025,993.7874971723854,11.429231941725625,1.4377521065345022,9.36090813920168,2.000010123766031,1.47013086404397,98.82890042180645,27.539202201738124
CMP_061,2023,3356.345669490677,18.550525080930946,1.24462178559421,9.15519033874741,1.8243600108784497,0.8668480532977023,535.9239853576455,23.060477138206373
CMP_061,2024,3874.788860404272,20.936084172178404,0.6984381909222488,8.84021063266275,1.6529439198387585,1.0933380617455675,486.4339763387742,21.517589306257864
CMP_061,2025,3995.8324943324383,20.707596761335058,0.912377532226878,8.560157134757034,1.8253871860048982,0.9840117719659932,650.2525954651126,14.096300906402218
CMP_062,2023,1818.8760314761428,19.974635121977506,2.471152955073951,4.296852842913681,1.769809508742433,1.632282115809809,267.898683635098,251.7189422862959
CMP_062,2024,1816.9449258312675,19.399985946286566,2.894470859502604,4.104854323395,1.9717838327210233,1.628267419135415,326.77093111650714,216.15591780646707
CMP_062,2025,1849.8302829175689,20.688934018868963,3.0905311940615543,3.665856406255305,1.5437362717415302,1.8695575233183381,169.3461781119769,122.29060510357357
CMP_063,2023,1738.974011367579,17.210428600790912,3.0906937394354133,2.5024331045939148,1.816173354199965,2.159756288041114,149.7307808510618,139.47508201951763
CMP_063,2024,2144.9848345242362,15.970916752439617,3.3605442595068293,0.9967752284247979,1.3799485187443912,2.1893080129463023,209.98572589944533,222.6159922960837
CMP_063,2025,2220.3063047539486,15.279202626739513,4.090348072757984,1.9822727980821733,1.9298777939237586,2.4263838448004758,180.79816447690263,154.61674677195785
CMP_064,2023,426.24010430546826,12.98389806980133,3.3208879169587053,5.278546850962659,1.533938933429962,1.3124396335216524,73.02763571500451,203.0613072336249
CMP_064,2024,474.74003767487403,13.359794027359495,3.0641721889387368,4.666610525254981,1.553511400303517,1.301521096666435,74.5588013482114,155.64531590803767
CMP_064,2025,493.3291906152885,12.804695159667205,2.9910115345289037,4.780730742317318,1.707128062582253,1.176121440720124,28.441468375508045,117.33654696220223
CMP_065,2023,635.8405898836418,9.302762984928195,3.1096228074624133,4.76589458789487,1.6574819762876818,1.8115587885118802,36.77384447331727,51.42899292300612
CMP_065,2024,648.3027695311774,11.57539882293511,3.354306024925271,5.119752546018332,1.6258483986704764,1.7176306288520793,54.43123184548681,70.77635277977087
CMP_065,2025,639.0729799367488,14.956173501887948,2.925521406700922,5.554836015269224,1.6334547214611812,1.8649745591517783,93.13737444954877,51.098374557151296
CMP_066,2023,2512.945974415926,12.643835922596669,3.1484783186676406,3.507970421650927,1.122763645981238,1.1125879014025764,420.9687397893209,156.70688904653932
CMP_066,2024,2327.638210299531,11.577113870272127,3.426326702848945,4.656567072236295,0.9789099228907028,1.5855446908611812,224.90646491619125,148.93594388878802
CMP_066,2025,2428.4269763018983,12.062957021910114,3.7444838916061207,3.8944687468961465,1.0800452646526217,1.2755930371140498,396.72021534677555,189.87610811068456
CMP_067,2023,1092.6091040663232,21.12770526121041,2.702662406074005,7.105930371135883,1.6651796259022609,1.7443520271586401,114.29013885823623,43.07273362415512
CMP_067,2024,1356.486973830614,20.49847287539582,3.120894129087383,5.880255182270235,1.8458422580285194,1.8700802357690856,85.47469349035413,35.30559101488036
CMP_067,2025,1277.8644086813276,19.98884765355634,2.7546782151113263,6.584102720976705,1.7726519896638238,1.834766293473336,118.1747946837995,58.41178791091204
CMP_068,2023,407.66382031623715,11.331776070650442,2.3047404600189574,3.5487221415587022,1.016910465170009,1.781314343305224,56.09938642835602,37.80866059021162
CMP_068,2024,448.107268917559,12.089561998795455,1.9366645317232793,4.022860792370429,1.58591896519128,1.9969944592894622,39.07993146622574,46.803743431265794
CMP_068,2025,488.7066647056379,8.567855495599968,2.5238101749738417,4.699418626970044,1.2868718796293914,2.2358997855970837,79.15997350683972,55.23267356164828
CMP_069,2023,523.7361755584116,15.482152901411498,4.232904245014956,7.569779499317082,1.7731884528263755,1.25986692507377,54.057406973110446,36.234684627547814
CMP_069,2024,463.33151000301336,14.267466772660434,4.914650907995839,7.5475056108952,1.7367067567199617,1.193708221645338,64.48636014334593,39.90656156389945
CMP_069,2025,479.66752704241173,16.786996173473824,4.637894586019571,7.761811425176486,1.4267550173238859,1.065529099538023,63.78776503158987,17.45537663657453
CMP_070,2023,1559.8410921463008,19.812026501813985,3.365587979561998,7.771853793963777,1.2822915239586743,1.7140263019745832,114.95024752503542,278.61267856105087
CMP_070,2024,2217.5712469836526,19.54056276040554,3.9187921135034354,7.499882850419085,1.3561091768465263,1.350702812173937,125.60829155373638,112.56339837829623
CMP_070,2025,2263.1694449554016,18.856560333875315,4.110144400369987,7.137618316270026,1.5329802908534673,1.780414863783216,372.08077696624673,263.419129503437
CMP_071,2023,184.23399478059113,6.789924037275827,3.3303932950264725,8.045368231954013,1.1589531534934994,2.7662950610492723,9.649792961982405,253.18326497490577
CMP_071,2024,224.14412248651573,7.404790912281063,3.247061691679929,9.496030372873419,1.1676356210380843,2.4084273152948312,39.78868787625303,254.25619168037565
CMP_071,2025,244.99458317897924,11.75045030411176,3.5241245770210083,10.351841355195393,1.233843437806815,2.6528344961879946,24.208622715700585,232.66443279983125
CMP_072,2023,779.752522025408,15.738700880858051,2.38836948907436,4.370288395881505,1.9438423520999435,2.457581307227221,95.4843673663241,27.12878543581069
CMP_072,2024,774.8483530032901,11.654983074598602,2.3648962382741354,2.540685760674214,2.175675750669998,2.544625024285093,125.27476593656732,32.76253055205278
CMP_072,2025,821.6776260307038,13.093120613420279,2.2138008618341467,3.6373483342651656,1.8622488308517364,2.4940754788342767,133.35052201881157,35.375651180067955
CMP_073,2023,1663.545205110444,20.21089403399555,3.8120405237034416,2.57233181283608,1.75444325793319,1.7837426166633958,106.83510111697,55.77208075076882
CMP_073,2024,1559.0728497333475,17.118651420954613,3.9664775285189053,1.9564517229545364,1.6676049596881573,1.9954900662905046,87.61864571043023,61.34630523600044
CMP_073,2025,1791.1791176466527,13.056530210514621,3.6453948644666645,1.438604829515977,1.7111464780586385,1.6453476912613205,120.97565781378752,44.880609155000535
CMP_074,2023,192.8888370205141,12.15313946685733,3.409717414164801,0.7968237561511421,2.0998890388904656,1.6746534578078651,20.83206378206197,90.30286592834138
CMP_074,2024,224.13390090306152,7.358383876045746,2.7408676788322897,1.303212231741489,2.046968165188902,1.1204840009840757,31.097847810593745,114.05591414521251
CMP_074,2025,256.1453736592504,12.055243076930658,2.4123682852837254,2.302665885726423,1.780446016198608,1.342641843162645,34.48434007232908,87.31128367058618
CMP_075,2023,1704.7031515479232,14.43237175806146,2.680692506442212,5.953411462384518,1.156534768772788,1.499805204009638,89.88406262426103,176.11227306576404
CMP_075,2024,2340.5602153871528,16.586682199820856,2.301389497282063,5.461252457283287,0.9850701472258616,1.362499373814169,260.6751935264584,95.14851780733086
CMP_075,2025,2257.6385698468885,15.939846461220924,2.4339554267764996,5.591381136248065,1.2571017799816104,1.8197735155227484,232.7317446491342,111.71301160416208
CMP_076,2023,634.4050204317284,15.177824851653671,3.4847556172026493,8.431854248826077,1.9636770929729521,1.0676315127041338,86.80161835979527,106.55575091670885
CMP_076,2024,496.408713609056,15.968212146202665,3.2343686148195854,8.692237169624647,2.0832382881618665,1.2240802633918528,41.83715238334833,202.4355284256944
CMP_076,2025,593.6757757577975,16.167133160930653,3.4236167605335543,9.807211936991926,1.9203096246789124,1.2674407068412412,91.06466547213827,269.2262284840122
CMP_077,2023,2902.718129608178,20.649923780062544,3.690831641250497,5.582959779139617,1.6375871152977728,1.7929392813673644,225.6029211315362,103.68318070144608
CMP_077,2024,2678.4977219808256,19.58281953674444,3.7324266447137737,5.637946112610133,1.8739120895680008,1.485754636388099,173.88214910812954,112.29732217702583
CMP_077,2025,2923.959850593539,20.466390823952853,3.8379815003818085,6.341505524234346,1.5187139133480863,1.840438146904378,494.1744613370916,134.78483298495496
CMP_078,2023,1126.764723985575,20.730941992801135,2.473997688584304,4.53278382561262,1.038731608084023,1.2464066206287616,127.38991289794046,60.07466786425103
CMP_078,2024,1310.7193055977923,19.608507432967595,2.228541884420465,5.285894475322521,0.8835170172470928,1.1681090128677487,128.58980023373124,54.258840332366894
CMP_078,2025,1412.618945484899,19.25998285327398,2.237942793031959,6.439324764121345,1.1750358741175413,0.9884914862575431,139.24824774332092,79.30600736590951
CMP_079,2023,1168.7208551877309,11.649632788805844,2.237769245570154,6.4299560503172035,1.4832965707382861,1.5693549326562355,186.3243274576081,64.30213735443496
CMP_079,2024,1086.4611357674412,14.208252480346733,2.024312126475135,5.455660018010246,1.023953851926884,1.5425983027251065,162.8940607058516,25.54601535624237
CMP_079,2025,1031.6127065152561,12.280198673426677,2.1237020593508316,5.095958143116702,0.65,1.8308788667251477,92.6764982035815,34.777030181505545
CMP_080,2023,4320.479178329608,20.02316920016678,1.7392875452348238,1.5367393812341454,0.9826254834696788,1.567311691326108,743.2029077599697,20.350409779093848
CMP_080,2024,3999.052684403845,22.916729335302335,1.735283256609165,1.033147044481678,1.0331936409479336,1.7561260509744465,620.4825036631764,21.977038373763374
CMP_080,2025,4534.814581958574,24.283175036905426,1.6533153146834183,1.3953798064768603,1.2198808846445333,1.7564822816585073,653.3585578063379,15.423889637640608
CMP_081,2023,804.1502717350874,8.920139060299688,4.049739602353002,3.432406112879118,2.0049239741714207,1.6261496484917346,84.29359619556668,138.14392044659795
CMP_081,2024,865.6020264407076,10.267310423697294,3.8571843006126216,3.393231295033309,2.093600542138471,1.6590539155473247,97.15777612160038,125.49916134577806
CMP_081,2025,947.6734524027238,5.080325221490142,3.302559165558659,2.494123564432943,1.628944082734583,1.7608171603849918,104.60732574178219,153.94257797370165
CMP_082,2023,1716.6594099253005,10.162170366141275,1.438823985481809,6.744216463974894,1.396192218243751,2.070149665434605,275.79206121076254,76.51993369105223
CMP_082,2024,1650.1682292006342,7.341520626503498,1.6081354368063747,8.763196784397497,1.2289399614146224,2.1744313835731877,291.12913210122133,51.25692482326648
CMP_082,2025,1591.8781609532878,7.881943041348354,0.9719898637207244,8.290814910626144,1.213127656335305,2.101979286853067,249.92839561541555,67.45091088519415
CMP_083,2023,1918.9009253117104,9.210142640457432,1.9727801742437456,1.8869366460655579,2.3152489027785155,1.718267954870182,137.49014670267516,13.140068181746328
CMP_083,2024,1644.5963493294037,9.838585696776216,2.1534188663735976,1.8208068888084252,2.3700519052225606,2.0330422744608003,135.63536542118015,16.409979485190796
CMP_083,2025,1877.0370454084357,7.2319717154599905,2.158066024053517,0.7417776749032938,2.2757075770838155,1.7474492500000378,115.76487472859749,27.151239894904624
CMP_084,2023,318.18360286486904,7.735367524947795,3.745025802015773,3.7602737636069894,1.7295689614382939,1.3510545828801124,21.44548585354655,58.90659899031678
CMP_084,2024,387.93554526046023,6.678864838746465,3.3750038449406827,4.373380463740976,1.7722355301922612,1.1985891845404328,28.204611900770093,114.80358121767914
CMP_084,2025,408.54961008253963,9.79439590655819,3.3679969435751556,4.289588967688201,1.8540879047925778,1.4725358814249816,59.458129111124755,136.50642736844094
CMP_085,2023,481.1226907430694,8.815386945923327,2.9801088812608394,6.884416764083012,1.2102234070736397,1.1921728073008637,79.97348134296415,150.9981193294531
CMP_085,2024,648.6059041246332,6.7518050676395465,3.904174509168431,6.4777354405083365,1.07046432265772,1.1664710784903392,62.07366241643749,78.37750219758223
CMP_085,2025,647.2648395918568,6.863377451357016,3.3970578623635865,7.1771919453819475,1.2168646589971355,1.169928605210251,91.83213196045043,167.12325409233202
CMP_086,2023,1163.6226430850238,15.199933962072427,2.9718574093447727,5.86005148356835,1.1057163288943979,1.0506561861906674,198.2575826569034,123.32163915722167
CMP_086,2024,919.9196519266942,13.65913011677232,3.1359279498727055,4.734077156306177,1.071440409394837,1.3207462396575065,108.84200744177397,200.79428886014776
CMP_086,2025,1177.3409037796437,15.8333303586285,2.743193415854327,5.302320369796465,1.396406966774102,1.2571230698273972,125.78149010066974,116.3581073192143
CMP_087,2023,1304.8466724966606,7.461157492573961,3.282250753512092,7.632178008712503,2.387508411744521,1.0706396711307724,93.42541246131708,102.09930678050178
CMP_087,2024,1218.6347131089717,7.0538312270104875,2.908175530906482,5.859112573317901,2.2179294619865018,1.0325446158115608,76.1392757821808,76.60651477761431
CMP_087,2025,1364.3150362607196,7.027496298307222,2.8288944412644947,7.276812600225553,2.1716811010088297,1.1575358484851623,218.0876059270144,106.28017313403129
CMP_088,2023,659.8105885842562,10.269414342598441,1.9125847733121883,1.9482675435655543,1.3530547503573944,2.55150808192611,56.636387760893065,233.93539185776453
CMP_088,2024,619.7394182464835,12.74278396170111,2.0668010179802208,2.4092280129703236,1.4082307690925122,2.6523282637433203,105.30060297332135,114.65905779044404
CMP_088,2025,698.3828077744944,12.449328169353247,1.1773418935999493,2.83775988888377,1.1228539334628433,2.4062918445753265,52.11392317268043,245.64900814605696
CMP_089,2023,5387.0208835011745,20.193547238513933,1.3328916465142204,7.987052961766503,0.8443868647539398,2.285354739782047,620.9469086336785,66.62608954556268
CMP_089,2024,4451.930973595214,17.925342134272498,1.3660921241285793,8.45554840921821,0.9477095827495581,2.3398359950245027,583.9464943800991,50.19435264093577
CMP_089,2025,4917.595817210408,18.43974949928051,1.6349905357410521,7.674565151694581,1.1313827123543998,2.3676080927531493,821.173532830617,56.82727801600883
CMP_090,2023,650.3694318378734,20.030723781192734,2.1198276933336087,3.977181579133051,1.70645615478553,2.4846205758539672,43.55246405925487,126.56382636544453
CMP_090,2024,691.0925422492184,19.126381161807487,2.2025243789521607,4.183742592104735,1.7806293853658357,2.8384698511095308,119.27236080222507,117.10361279603025
CMP_090,2025,719.931623429235,17.722744384985567,1.9712464351585128,3.971581533370082,1.8976255333056957,2.4983279855507283,97.72722402966062,130.7832016641149
CMP_091,2023,5425.491287065281,21.998932184805568,2.085069767941297,2.810962229699614,1.5027044978097546,1.2661402978429683,903.5480207998069,144.12589439859454
CMP_091,2024,4454.434623756899,24.21238812220938,2.222787861386254,2.253111396361647,1.200695486724677,1.6893284905786707,261.5773199839048,144.2965743731606
CMP_091,2025,5163.978776851171,25.093094555951446,2.366356679225978,2.6329900642606776,1.5319452844604131,1.4077449283185592,266.2323760196773,81.26774170932183
CMP_092,2023,1526.7902540397968,20.914741281077596,2.93279779265051,4.008412308280882,1.5023089510818517,1.0162357680415561,253.853089575701,171.27097365253522
CMP_092,2024,1951.8706236092908,19.914009371120745,3.0065162023696295,4.70021632592064,1.8603085076404935,1.4339879598317211,130.2841605508701,177.61749601169564
CMP_092,2025,1970.3401863970118,19.462010640724667,3.378860092710596,4.274744038063883,1.682915230144282,1.2184764759579614,347.1560295880419,154.27421797460582
CMP_093,2023,458.42318821180834,10.941275094999481,3.4174863953366645,4.4975193521268695,1.9151878316021707,2.721017388140355,35.604384135844924,28.56480212858693
CMP_093,2024,508.1534737372382,12.018233470825232,2.9109845220060144,5.161695840715046,1.8337138978417538,2.4448709630365406,55.054677308997704,56.53817889062781
CMP_093,2025,547.9437697149984,12.279387203418581,3.5614972320547706,5.088964258292138,2.1399289607082803,2.3559018969404817,49.771860834995024,41.07414199803316
CMP_094,2023,1780.8777143911839,16.772088732203038,2.860719833379111,3.9086774838027605,1.5495395107722212,1.561206181781509,137.16967817917418,100.28191952005606
CMP_094,2024,2105.4615121961688,13.490421742339006,2.5783536843508594,4.7604735079522715,1.2902942278089802,1.6559526616850728,202.66709009916073,54.94333431817217
CMP_094,2025,2731.1143116220546,14.797367011320675,2.5782013658745693,3.5652587852828117,1.4868329860512333,1.848952188058662,480.62693270003734,102.65806520097911
CMP_095,2023,680.3650282677086,12.472041851989239,3.038977228600653,2.080946175386784,1.115842037617809,1.223379572432254,59.95764154114439,195.1603670828881
CMP_095,2024,856.0488332082094,15.004479625596561,2.724220614259562,2.2907889445140066,1.1258684563952222,1.29997882074864,70.29544298702064,127.5992489076287
CMP_095,2025,938.4762188648847,12.88142745911827,3.5678125292221803,0.9110045133120754,1.2813192340083288,1.4111780419424087,78.24350065003067,123.74591381569786
CMP_096,2023,1396.5677563418524,18.134888609472533,2.238496775348724,9.068306698774261,1.0645879352244387,1.0811494540100248,78.68529292494489,151.7957255838132
CMP_096,2024,1523.7048209989707,18.18583547850658,1.7792274957824592,9.60562681007504,1.0284160182057587,1.1724652308350476,235.23955156863065,167.49251797421815
CMP_096,2025,1668.5698535672918,18.100672882966666,1.9855170959706616,8.645230597168306,0.9761656963788665,1.08953684907776,293.85609573558327,231.86830083244115
CMP_097,2023,2080.1216398764045,7.807725321501212,2.010815389548096,4.201990371629754,1.4154132450198231,0.9186169906399781,168.06745180280208,108.7384671655138
CMP_097,2024,1735.0043290381027,8.565663835809112,1.9115306192578048,3.915244906670452,1.3464191221022992,1.1155554377860695,268.53019642900375,230.7441815741946
CMP_097,2025,1972.0327779700315,8.668669560609455,1.9310237999604491,4.632602340627391,1.4154531267646249,1.0904735592935162,188.16062022158476,226.5459814489239
CMP_098,2023,450.58029059774015,15.338783776767864,1.6476994141799626,3.6744039363379346,1.0399140106635365,2.3980546908023648,58.87561349882261,234.58658213099915
CMP_098,2024,356.08399852894354,8.083668901612203,1.6757850204710785,1.9005356922428933,1.0507060437139952,2.3875373881702457,54.79150196849601,129.19728642209265
CMP_098,2025,411.27681226944645,10.938002944161546,1.734968513571446,3.2876761013349545,1.2371227856822684,2.8249213557669344,32.72125771545113,167.12310689498054
CMP_099,2023,4021.5966876611133,18.337078826057134,2.5677373973647226,2.9844260030861536,2.390628352703878,2.066441819646556,704.4199948812291,62.03600215759297
CMP_099,2024,4521.678846401198,15.933174495079522,1.9193114542989147,2.89921230946402,2.12848007862642,2.0593046934063617,420.87243412562674,45.053996231616544
CMP_099,2025,5080.05183080595,16.01093475744233,2.01492237449703,2.8073769425736947,2.1843199928594506,2.238050431159733,629.1779501234421,65.11671311707822
CMP_100,2023,2598.176308789357,14.610560470421383,3.4275788360647583,6.62239868037658,2.3167001879051177,1.6620173182363143,158.04759475779773,59.574218957868545
CMP_100,2024,2587.6244164201294,15.807195635894002,3.0892952862991554,6.802948934787432,2.2606773962382585,1.5943089054883197,392.13668705370515,42.71555329821459
CMP_100,2025,2472.7812705452666,14.100406700186186,3.5471294971755096,7.382759084175697,2.0699724654697187,1.5942416195815088,303.2283825808823,66.10380037686168
CMP_101,2023,1445.658804487479,23.069649298376927,3.1381735723967408,1.3524018781413942,2.151161989539319,0.9929952129992612,185.06526615433043,63.220502164782765
CMP_101,2024,1452.6304149424388,21.458642982482328,2.832809204704154,0.8858608489695292,2.1426330427047535,1.1801659213561606,179.6516133471662,31.41918072152248
CMP_101,2025,1658.3263011597285,21.113819177100194,3.191408166630531,1.1315573540746777,2.352690400140329,0.9759930300488436,135.58334626470798,51.58900277749347
CMP_102,2023,568.3660362356744,12.71865342290238,2.323719209178752,9.523805806916407,0.9292728618745046,1.1209673549945296,86.03199708550852,83.16976899559917
CMP_102,2024,619.0718992178754,11.241703599215846,2.496147899776808,11.06928315770006,0.9223784316757342,1.0120679849932819,110.23769398900558,92.89183840505473
CMP_102,2025,728.9931445420233,14.073833920674996,2.0464313108740435,9.435017722915713,1.1267114708209691,0.7932883493428047,47.506037939870026,71.07991757283916
CMP_103,2023,931.9446682782495,12.250356309047303,2.4878687946286497,6.60210597974266,1.5828553916310242,1.41693679200481,51.98694721007542,179.28653821461364
CMP_103,2024,837.1293237027535,13.061369580170807,2.4173116612291734,7.672029126240923,1.689498044064529,1.4771689151950527,43.5277857333894,163.87082820730524
CMP_103,2025,879.2481668860154,11.506992142783025,2.5597737917297403,7.255144056922238,1.559933783240008,1.4208539906746787,107.77339290224276,157.31518970975145
CMP_104,2023,1577.8697132753487,6.860667057237378,2.0438579985874883,9.2870979540674,2.2882747167733632,2.3259318094031367,120.29532587054956,118.00427823206944
CMP_104,2024,1882.1756630750274,6.3817374370585975,1.7666358800086703,9.775042012771843,2.534110417048837,2.4667099278912734,200.14236401091577,212.0014683420282
CMP_104,2025,1876.5443361601742,5.936761185800586,1.7711057251008384,9.870996063765169,2.460066289369977,2.6370387334956327,317.576061371446,94.83721254706444
CMP_105,2023,1005.7721578505796,11.27698614129771,2.309205130509403,7.981485016582792,1.77664635307006,2.6219449570654048,63.63001965939211,47.83167227974242
CMP_105,2024,1132.696595675635,12.685322272735336,2.1007732298122432,6.697368418866545,1.8532995706355213,2.419721101002231,138.41485548923345,72.46290584733458
CMP_105,2025,1181.169115186203,11.28402643777609,2.381232162687298,8.630190532585654,1.8547927999341516,2.448633006703781,127.5538503835841,81.09477017193761
CMP_106,2023,737.0517423130877,10.057956772116707,3.555255467838409,8.270747518139155,1.499738967416357,1.0371494407065889,111.21233501666666,122.08633665986838
CMP_106,2024,695.5179360396683,11.674067461512806,3.1786876996799087,8.806510171731274,1.3948095493054367,1.2264484844222525,39.15418314274998,115.65139504331349
CMP_106,2025,735.2086024106922,10.979822974937136,3.7167258787598825,8.040879567360221,1.5314340281656103,0.8202098747561881,38.655174702050765,172.42849346157752
CMP_107,2023,1644.8851901766259,12.832621507828733,2.8682511756304443,9.233886720452599,1.3172764587334156,0.9374657257106067,270.6433850078037,196.4854976738367
CMP_107,2024,1662.6060700916653,16.730715208425455,3.3684573032417373,10.384273986001764,1.6917593638300323,1.0200162100813257,270.7069066393346,219.71874483030652
CMP_107,2025,1674.813709121801,16.27006551108256,3.026927666199889,9.728212314707083,1.511425310624878,1.1048720740185307,299.5301927570812,197.8036272225205
CMP_108,2023,2254.9768879440826,9.858541600172309,3.482425477459427,6.833957276816125,1.4087152787932555,2.659844309062991,385.7602707231724,90.98092616311477
CMP_108,2024,2547.746018252847,9.111932616174844,3.2919053516694605,7.697910388400702,1.3846467891874064,2.5675858042018693,210.28079816068023,135.12254822651173
CMP_108,2025,2490.60683281678,10.841639234318414,3.292505294047651,7.272552568915271,1.5276653320381617,2.9059947885838144,388.88789534342806,93.02761080575563
CMP_109,2023,407.29889182090545,5.786072716085543,3.240974973699538,8.305626237983912,1.9742900769912237,1.1686511691205648,57.15189564857481,33.400208864944034
CMP_109,2024,441.292900286621,6.180786262973008,2.5030980440196715,10.361247997202321,1.720998852256951,1.0733280476003233,31.174349148503126,37.05853079768161
CMP_109,2025,437.7287964402745,5.881588990442989,3.32253725260938,9.475050235548698,1.7687670811369065,0.8179396487685875,42.01961481594714,73.01677194498741
CMP_110,2023,2856.6513130398175,15.067982884887732,1.3675283795584927,1.4093865872017624,1.343863264304119,1.7274273595065115,244.65447503708498,21.281725869918155
CMP_110,2024,3211.696512257438,15.664940262948601,1.001006924126157,1.9376143854092118,1.4366538626597594,1.3912177950620044,369.7145478259048,37.16689117505636
CMP_110,2025,3637.694668452063,14.580465095589618,1.7965231466597342,2.332865449453043,1.0512331060293467,1.3989282771828102,533.8929724459102,43.355075442250985
CMP_111,2023,2837.3137710981064,17.060505328032278,3.247888374287475,4.585948034640905,1.4320004566143232,2.2882779477895356,474.34903760076065,36.95829993598049
CMP_111,2024,2493.2299741855304,18.497541992767328,3.3022085321088617,2.356193618277529,1.4007748710259522,2.0995144493508833,127.01089749570126,21.67103238598394
CMP_111,2025,2611.2853641506094,17.623207445911447,3.384018546771699,3.4882103473648365,1.2828380075822348,2.259871929483416,309.56364165267183,38.960585315969574
CMP_112,2023,1709.2080763284057,14.880825373293453,2.847793619689689,7.62771258503008,1.4207905502554468,2.2160727449663886,298.686924666242,34.692081052590886
CMP_112,2024,1597.4637451570366,12.158233003043184,3.1025391464449994,9.472013177739598,1.7122475083099424,2.006897904569602,285.4895940912599,46.45291492835661
CMP_112,2025,1482.096993902997,11.65976354214801,2.9416221435050707,8.462275076195356,1.6686667109927007,2.132104930446465,102.07267306470483,35.622773104292186
CMP_113,2023,1011.3225715418691,13.891588709316597,4.422899395811611,0.7401454831110789,1.1603258857703096,1.0608499321214815,57.25601815329446,49.53967030801694
CMP_113,2024,1229.7840505851416,15.625101841190888,4.540240666822763,1.3405094063977612,1.0692905832375998,1.3593447437731243,108.0925681184663,41.568517967816405
CMP_113,2025,1422.5190457717758,12.888439062020677,4.3658011474713225,1.8747474918089604,1.2616336737716596,1.5444051746736835,229.3897899597672,52.44608550513739
CMP_114,2023,2292.0400974996,14.264369800621681,3.967915385780149,2.7416161319353214,1.9757226379637014,1.6170397676149018,322.7338755421429,158.12533103549063
CMP_114,2024,2115.6559011957606,12.34468093155081,3.7565649776536993,3.4643103580302776,2.002728582502489,1.6329693107564465,314.29069914691723,127.60004877700456
CMP_114,2025,2232.279678140114,11.22285946478172,4.056251316281554,3.090781791302775,1.9897996957776238,1.3910843672713837,241.54517836386458,126.93456100300018
CMP_115,2023,1925.5127660412293,23.79941763005062,0.6951565667441559,8.156706116369232,1.8737103749322999,2.789225840354026,273.4166996215889,177.70988675487501
CMP_115,2024,2182.6586338240136,22.079934633922218,1.1314215782736214,6.188110782410893,1.772217573906892,2.4578490053272786,191.51747049434,167.93476265560514
CMP_115,2025,2240.8052695080496,23.406392879841963,0.7739812780900076,7.407151916008418,2.108004177659146,2.577640872538162,381.99938047462985,197.59872955383588
CMP_116,2023,198.7071367004321,13.435407840403654,3.4017886111922704,9.365770256391432,2.2305194042005816,1.9136691649027522,16.2040336396806,96.17916142265433
CMP_116,2024,255.81219672075738,10.66771814096041,2.9220602172863392,9.18905337212149,2.178479520147259,1.91741771405945,14.509264254816713,114.87477861230299
CMP_116,2025,265.80804697984723,12.329601928554313,3.096249246747767,8.944875851231885,2.3014057879314698,2.11054282393429,34.1815662657666,218.71307415210117
CMP_117,2023,515.1091132844654,11.127328651314542,2.8799287218770853,4.634543111250557,2.164019744161741,1.4538005013951072,89.94875081577986,31.86182616572423
CMP_117,2024,552.9345687892456,10.527779809721697,1.6088103681055304,4.4587399737133415,2.1876790118773757,1.2277848015506816,37.880358934624255,57.62542499313938
CMP_117,2025,527.1999763330119,12.748240865750452,2.4236740243102735,3.8992468512611658,1.9992264733672076,1.3791231547936988,52.16929971548652,40.104207623205454
CMP_118,2023,1305.439674959791,10.55146994489628,4.24339292612622,2.4747265057573515,2.229975277517323,1.9194699816608056,123.80929795339252,123.68269897256364
CMP_118,2024,1428.4918687000606,7.164190709008034,4.229294289811292,2.3012114987157557,2.004098871593737,1.905301617420762,220.37490338016093,57.2710632875299
CMP_118,2025,1732.2373803958653,10.819399120431806,4.946079267738069,2.350187206765241,2.5366809064655165,1.7303376522603544,286.55658204878944,122.92558694831963
CMP_119,2023,290.8043469243037,23.962709091423196,2.254325760666354,3.8655953318815,1.4422828261487433,1.1020954330613837,28.382556310934056,39.732845618801456
CMP_119,2024,325.07091975479,20.598425079991742,2.224478784694925,4.4901795339037145,1.3688171017674657,1.3386320539753365,46.79640122418267,30.253158869004583
CMP_119,2025,407.83044176098514,19.34920734742104,2.199634247759657,4.190501696562182,1.5163465307240895,1.0948271546149744,64.97897042421205,33.65814598443286
CMP_120,2023,2556.6427397889247,11.203726814150022,2.1416909957415746,6.678472512176126,2.3150481675373418,1.0529914361477608,247.56100199770512,51.49278485566793
CMP_120,2024,2088.982738702559,10.521208169610102,2.571554573622277,7.656800761585952,2.3790284441335636,1.1940540993415454,162.016736198389,52.18575638973474
CMP_120,2025,2473.791215362935,11.555710456071894,2.703533326570239,6.92589147955239,2.2739960696743693,1.1313503191401968,416.47450457489947,53.820211564955116
